question_id,question_type,orig_target,hypernym,neg1,neg2,neg3,neg4,model,correct
747,existAttrC,racket,racket,goat,couch,card,burner,Qwen2,1
9985,existAttrC,microwave,microwave,burner,apron,donut,bench,Qwen2,1
9986,existAttrC,microwave,microwave,cabin,locomotive,countertop,airplane,Qwen2,1
9988,existAttrNotC,microwave,microwave,dock,frog,orange,bear,Qwen2,1
14551,existAttrC,snowboard,snowboard,pipe,ketchup,ball,motorcycle,Qwen2,1
14573,existAttrC,coat,coat,platform,pot,bucket,bike,Qwen2,1
68719,existMaterialC,table,table,tower,luggage,bear,microwave,Qwen2,1
74635,existAttrC,fence,fence,path,broom,box,patio,Qwen2,1
77825,existAttrC,cat,cat,juice,placemat,canoe,luggage,Qwen2,1
77826,existAttrC,cat,cat,cereal,doorway,sink,cart,Qwen2,1
78509,existAttrC,cat,cat,jersey,picture,fence,purse,Qwen2,1
78510,existAttrC,cat,cat,bird,shirt,sheep,fur,Qwen2,1
78512,existAttrNotC,cat,cat,blouse,watch,phone,baseball,Qwen2,1
82840,existAttrC,surfboard,surfboard,cat,vest,sauce,fur,Qwen2,1
84163,existAttrC,skateboard,skateboard,fence,couch,bed,bus,Qwen2,1
91082,existMaterialC,fence,fence,cart,sculpture,basket,bowl,Qwen2,1
106413,existAttrC,hat,hat,giraffe,napkin,bat,countertop,Qwen2,1
107131,existAttrC,dog,dog,chandelier,crown,monitor,bus,Qwen2,1
107132,existAttrC,dog,dog,cabin,jeep,surfboard,bull,Qwen2,1
131515,existAttrC,pot,pot,cookie,camera,bowl,cockpit,Qwen2,1
135359,existAttrC,truck,truck,bird,donkey,flower,bicycle,Qwen2,1
136690,existMaterialC,table,table,bench,countertop,bear,bathroom,Qwen2,1
139133,existAttrC,boat,boat,dock,chicken,bowl,broom,Qwen2,1
161554,existAttrC,giraffe,giraffe,fruit,cake,bedroom,cheese,Qwen2,1
162374,existAttrC,horse,horse,kitten,juice,chandelier,soap,Qwen2,1
162375,existAttrC,horse,horse,brush,planter,refrigerator,suitcase,Qwen2,1
162378,existAttrNotC,horse,horse,dispenser,towel,spoon,bottle,Qwen2,1
179798,existAttrC,airplane,airplane,pot,curtain,wall,sidewalk,Qwen2,1
179799,existAttrC,airplane,airplane,poster,cap,sheep,countertop,Qwen2,1
179809,existAttrC,fork,fork,football,desk,towel,vest,Qwen2,1
182083,existAttrC,knife,knife,watch,planter,candle,bench,Qwen2,1
183305,existAttrC,train,train,taxi,bottle,table,lamp,Qwen2,1
193566,existAttrC,racket,racket,suitcase,horse,ring,hay,Qwen2,1
193919,existAttrC,table,table,doorway,store,vest,roadway,Qwen2,1
193933,existMaterialNotC,table,table,shoe,stove,placemat,crown,Qwen2,1
193934,existMaterialNotC,table,table,branch,ship,laptop,paddle,Qwen2,1
201672,existAttrC,banana,banana,bathtub,wristband,bathroom,box,Qwen2,1
201673,existAttrC,banana,banana,bench,kettle,desk,crown,Qwen2,1
202681,existAttrC,skateboard,skateboard,spatula,sidewalk,elephant,piano,Qwen2,1
216502,existMaterialNotC,knife,knife,bucket,bowl,fan,train,Qwen2,1
219823,existAttrC,dog,dog,ring,oven,bathroom,drum,Qwen2,1
254961,existAttrC,cat,cat,cow,audience,baby,dog,Qwen2,1
254962,existAttrC,cat,cat,zebra,man,baby,audience,Qwen2,1
254987,existAttrC,cat,cat,sand,boot,bathtub,bottle,Qwen2,1
280597,existAttrC,surfboard,surfboard,house,foil,train,bedspread,Qwen2,1
285018,existAttrC,surfboard,surfboard,spoon,jeep,earring,poster,Qwen2,1
285019,existAttrC,surfboard,surfboard,doll,scarf,uniform,house,Qwen2,1
285037,existAttrC,surfboard,surfboard,sandwich,brush,tire,bun,Qwen2,1
301137,existAttrNotC,table,table,dock,couple,building,clock,Qwen2,1
301139,existMaterialC,table,table,cookie,cup,coat,soap,Qwen2,1
301140,existMaterialNotC,table,table,tunnel,piano,sword,doll,Qwen2,1
307399,existAttrNotC,table,table,building,bat,boat,clock,Qwen2,1
307402,existMaterialC,table,table,sink,bathtub,bear,wall,Qwen2,1
313900,existAttrC,hat,hat,comforter,cap,canoe,cabinet,Qwen2,1
313972,existAttrC,baseball,baseball,shirt,helmet,ball,fan,Qwen2,1
316506,existAttrC,boat,boat,path,hose,cabinet,fork,Qwen2,1
316522,existAttrC,boat,boat,sandwich,train,shirt,apron,Qwen2,1
316523,existAttrC,boat,boat,tablecloth,earring,carrot,house,Qwen2,1
316553,existMaterialC,boat,boat,knife,placemat,microphone,cart,Qwen2,1
324650,existAttrC,ball,ball,parrot,collar,bridge,skirt,Qwen2,1
397540,existAttrC,bike,bike,countertop,purse,platter,skirt,Qwen2,1
407312,existAttrC,desk,desk,bed,earring,tire,elephant,Qwen2,1
415282,existAttrC,horse,horse,artwork,tray,wetsuit,crowd,Qwen2,1
415283,existAttrC,horse,horse,bench,seat,uniform,boot,Qwen2,1
415284,existAttrC,horse,horse,bus,bat,coat,cockpit,Qwen2,1
440485,existAttrC,table,table,picture,camera,jersey,skirt,Qwen2,1
449474,existAttrC,airplane,airplane,bike,desk,cake,blanket,Qwen2,1
449475,existAttrC,airplane,airplane,fireplace,football,swimsuit,spatula,Qwen2,1
449476,existAttrC,airplane,airplane,boat,table,tractor,bookshelf,Qwen2,1
462480,existAttrC,zebra,zebra,newspaper,motorcycle,drum,bunny,Qwen2,1
462523,existAttrC,zebra,zebra,giraffe,cat,cow,sheep,Qwen2,1
462525,existAttrNotC,zebra,zebra,sheep,man,elephant,cat,Qwen2,1
475187,existAttrC,bag,bag,elephant,card,horse,canoe,Qwen2,1
477762,existAttrC,frisbee,frisbee,cereal,hallway,camera,snowboard,Qwen2,1
514102,existAttrC,sand,sand,knife,ring,jacket,pole,Qwen2,1
514119,existAttrC,sand,sand,floor,table,river,skateboard,Qwen2,1
544886,existAttrC,fence,fence,bridge,hallway,crown,jacket,Qwen2,1
544912,existMaterialC,fence,fence,sword,boot,dishwasher,train,Qwen2,1
554744,existAttrC,laptop,laptop,cart,sail,placemat,ball,Qwen2,1
554745,existAttrC,laptop,laptop,shoe,drawer,glaze,tray,Qwen2,1
565589,existMaterialC,table,table,cap,watch,sink,ball,Qwen2,1
565591,existMaterialNotC,table,table,sword,brush,sculpture,surfboard,Qwen2,1
565592,existMaterialNotC,table,table,fireplace,airplane,pen,locomotive,Qwen2,1
577680,existAttrC,phone,phone,cake,keyboard,sea,clock,Qwen2,1
586142,existAttrC,hat,hat,stadium,dock,jet,soap,Qwen2,1
586145,existAttrNotC,hat,hat,headband,ring,tea,tie,Qwen2,1
610150,existAttrNotC,giraffe,giraffe,knife,wristband,kettle,burger,Qwen2,1
620518,existAttrC,clock,clock,broccoli,toilet,phone,cart,Qwen2,1
640049,existAttrC,fence,fence,cart,sponge,notebook,dispenser,Qwen2,1
701003,existAttrC,surfboard,surfboard,wall,tower,vest,glaze,Qwen2,1
737619,existAttrC,cat,cat,store,mask,ring,comforter,Qwen2,1
760179,existAttrC,woman,woman,elephant,boy,bear,doll,Qwen2,1
760182,existAttrNotC,woman,woman,dog,elephant,boy,frog,Qwen2,1
770867,existAttrC,dog,dog,ball,candle,dish,earring,Qwen2,1
803737,existAttrC,truck,truck,man,bathroom,bench,kitchen,Qwen2,1
803771,existAttrC,truck,truck,tissue,magnet,hose,guitar,Qwen2,1
824117,existAttrC,bench,bench,lake,cart,sand,motorcycle,Qwen2,1
835656,existAttrC,train,train,watch,baseball,wristband,boat,Qwen2,1
866824,existAttrC,backpack,backpack,pitcher,airplane,sink,picture,Qwen2,1
871460,existAttrC,table,table,cabinet,lamp,bun,dock,Qwen2,1
885539,existAttrC,refrigerator,refrigerator,dress,carriage,aircraft,blouse,Qwen2,1
906885,existAttrC,snowboard,snowboard,carriage,glaze,boat,graffiti,Qwen2,1
919519,existAttrNotC,table,table,ketchup,laptop,napkin,bedspread,Qwen2,1
919632,existAttrC,bottle,bottle,notebook,mask,pipe,sausage,Qwen2,1
924953,existAttrC,cat,cat,counter,wine,shirt,monitor,Qwen2,1
924954,existAttrC,cat,cat,urinal,pineapple,pot,juice,Qwen2,1
946035,existAttrC,dog,dog,baby,driver,bun,girl,Qwen2,1
946036,existAttrC,dog,dog,surfer,driver,baby,fur,Qwen2,1
965217,existAttrC,microwave,microwave,crown,keyboard,picture,bus,Qwen2,1
965218,existAttrC,microwave,microwave,pen,cereal,bird,bottle,Qwen2,1
975573,existAttrC,bench,bench,sheep,helmet,crosswalk,camera,Qwen2,1
984595,existAttrC,broccoli,broccoli,skateboard,collar,bag,shoe,Qwen2,1
993278,existAttrC,apple,apple,can,fan,kettle,bush,Qwen2,1
1016765,existAttrC,frisbee,frisbee,napkin,path,oven,poster,Qwen2,1
1033825,existAttrC,bat,bat,sausage,trash,dish,oven,Qwen2,1
1033826,existAttrC,bat,bat,parrot,keyboard,pitcher,motorcycle,Qwen2,1
1033836,existMaterialC,bat,bat,couch,pizza,station,pot,Qwen2,1
1051880,existAttrC,chair,chair,sandwich,pipe,bucket,jeep,Qwen2,1
1062987,existAttrC,coat,coat,helmet,sweater,kitchen,river,Qwen2,1
1118101,existAttrC,cup,cup,store,pot,boot,bathroom,Qwen2,1
1118149,existAttrC,table,table,station,beard,oven,monitor,Qwen2,1
1118151,existAttrC,table,table,pavement,lamp,helmet,dish,Qwen2,1
1124265,existAttrC,clock,clock,bridge,coat,bat,platter,Qwen2,1
1124555,existAttrC,train,train,scooter,sand,magnet,pizza,Qwen2,1
1131920,existAttrC,fence,fence,suitcase,motorcycle,blind,spatula,Qwen2,1
1160781,existAttrC,hat,hat,floor,sofa,zoo,jersey,Qwen2,1
1179502,existAttrC,cat,cat,frisbee,sauce,backpack,curtain,Qwen2,1
1179503,existAttrC,cat,cat,pan,bun,pastry,poster,Qwen2,1
1182897,existMaterialC,table,table,cake,cabinet,bathroom,countertop,Qwen2,1
1182898,existMaterialNotC,table,table,fork,wall,sculpture,chair,Qwen2,1
1188182,existAttrC,motorcycle,motorcycle,sandwich,apron,microwave,bicycle,Qwen2,1
1188183,existAttrC,motorcycle,motorcycle,robe,candle,wine,platter,Qwen2,1
1188184,existAttrC,motorcycle,motorcycle,flower,parrot,swimsuit,countertop,Qwen2,1
1190595,existAttrC,clock,clock,beard,swimsuit,scooter,lettuce,Qwen2,1
1190605,existAttrC,clock,clock,parrot,toothbrush,notebook,watch,Qwen2,1
1209249,existAttrC,cat,cat,pan,bicycle,broccoli,bird,Qwen2,1
1218857,existAttrC,coat,coat,broom,soap,sofa,cabin,Qwen2,1
1218882,existAttrC,helmet,helmet,bed,robe,boat,phone,Qwen2,1
1229015,existAttrC,clock,clock,pole,table,picture,bed,Qwen2,1
1243069,existMaterialC,fence,fence,dock,paddle,chair,seat,Qwen2,1
1243070,existMaterialC,fence,fence,cup,fan,drum,fireplace,Qwen2,1
1243071,existMaterialC,fence,fence,cake,tunnel,oven,tire,Qwen2,1
1284094,existAttrC,surfboard,surfboard,car,bridge,cake,beer,Qwen2,1
1284095,existAttrC,surfboard,surfboard,blanket,poster,laptop,knife,Qwen2,1
1284096,existAttrC,surfboard,surfboard,stadium,vase,bat,headband,Qwen2,1
1286889,existMaterialC,table,table,artwork,sculpture,blender,station,Qwen2,1
1298287,existAttrC,dog,dog,beer,desk,beard,bed,Qwen2,1
1325595,existAttrC,cow,cow,candle,path,kitten,counter,Qwen2,1
1325596,existAttrC,cow,cow,microphone,path,package,camera,Qwen2,1
1346808,existAttrC,camera,camera,bat,meat,airplane,box,Qwen2,1
1351216,existAttrC,train,train,fork,van,package,basket,Qwen2,1
1355594,existAttrC,carrot,carrot,building,basket,beard,keyboard,Qwen2,1
1355595,existAttrC,carrot,carrot,umpire,pole,sand,cow,Qwen2,1
1368234,existAttrC,backpack,backpack,desk,dumpster,knife,house,Qwen2,1
1369457,existAttrC,giraffe,giraffe,roadway,bedspread,watch,urinal,Qwen2,1
1370586,existAttrC,dog,dog,motorcycle,dumpster,boat,glove,Qwen2,1
1373550,existAttrC,dog,dog,guitar,wristband,liquid,tie,Qwen2,1
1384979,existAttrC,apple,apple,cheese,soap,wristband,truck,Qwen2,1
1384980,existAttrC,apple,apple,sauce,phone,monitor,juice,Qwen2,1
1384983,existAttrNotC,apple,apple,pen,platter,bus,tissue,Qwen2,1
1391663,existAttrC,cat,cat,bush,spoon,countertop,donkey,Qwen2,1
1391898,existAttrC,motorcycle,motorcycle,tower,bush,bull,bathtub,Qwen2,1
1393374,existAttrC,sheep,sheep,water,bear,pouch,airplane,Qwen2,1
1400239,existAttrNotC,fence,fence,boat,wall,table,bench,Qwen2,1
1400244,existMaterialNotC,fence,fence,airplane,zebra,sword,drawer,Qwen2,1
1424834,existAttrC,bench,bench,ornament,bed,car,dock,Qwen2,1
1432060,existAttrC,sand,sand,cucumber,wristband,tray,building,Qwen2,1
1463289,existAttrNotC,woman,woman,guy,boy,elephant,skier,Qwen2,1
1476400,existAttrC,bird,bird,shoe,graffiti,tower,trash,Qwen2,1
1481683,existAttrNotC,chair,chair,coat,drum,candle,watch,Qwen2,1
1481699,existAttrNotC,chair,chair,bat,dock,boat,clock,Qwen2,1
1497242,existMaterialNotC,cup,cup,frog,orange,pen,laptop,Qwen2,1
1523436,existMaterialC,bag,bag,chair,seat,necklace,vest,Qwen2,1
1528261,existAttrC,bike,bike,lake,dishwasher,car,doll,Qwen2,1
1528262,existAttrC,bike,bike,heater,frog,liquid,toothbrush,Qwen2,1
1536461,existAttrC,dog,dog,parrot,robe,trash,kitten,Qwen2,1
1536462,existAttrC,dog,dog,drawer,locomotive,ocean,pizza,Qwen2,1
1601618,existAttrC,broccoli,broccoli,spatula,basket,wool,lid,Qwen2,1
1606300,existAttrC,surfboard,surfboard,bread,crosswalk,house,collar,Qwen2,1
1606306,existAttrNotC,surfboard,surfboard,microwave,pitcher,fan,lettuce,Qwen2,1
1606308,existAttrNotC,surfboard,surfboard,bedroom,bag,robe,camera,Qwen2,1
1616409,existAttrNotC,cake,cake,comforter,glove,roadway,napkin,Qwen2,1
1621450,existAttrC,snowboard,snowboard,glass,juice,apple,toothbrush,Qwen2,1
1627546,existAttrC,toothbrush,toothbrush,backpack,airplane,football,cake,Qwen2,1
1744433,existAttrC,table,table,racket,platform,pie,dock,Qwen2,1
1777252,existMaterialC,table,table,river,ornament,boat,bracelet,Qwen2,1
1784657,existMaterialC,train,train,can,dock,bush,bowl,Qwen2,1
1784658,existMaterialC,train,train,ring,table,pole,toilet,Qwen2,1
1791988,existMaterialNotC,bench,bench,bush,toilet,guitar,placemat,Qwen2,1
1791997,existAttrC,bench,bench,robe,knife,bike,building,Qwen2,1
1792001,existAttrNotC,bench,bench,monitor,surfboard,bathroom,motorcycle,Qwen2,1
1827572,existAttrC,racket,racket,trash,uniform,candle,pavement,Qwen2,1
1862080,existAttrC,zebra,zebra,jacket,bike,tablecloth,fur,Qwen2,1
1862100,existAttrC,zebra,zebra,giraffe,child,girl,elephant,Qwen2,1
1871655,existAttrC,seagull,seagull,cow,heater,poster,glaze,Qwen2,1
1871656,existAttrC,seagull,seagull,ring,curtain,roadway,oven,Qwen2,1
1871657,existAttrC,seagull,seagull,lamp,radio,tea,hose,Qwen2,1
1890241,existAttrC,boat,boat,jeep,fruit,car,sea,Qwen2,1
1893614,existAttrC,coffee,coffee,kettle,glass,dishwasher,bag,Qwen2,1
1893617,existAttrNotC,coffee,coffee,can,dishwasher,bag,glass,Qwen2,1
1949913,existAttrC,laptop,laptop,bathtub,watch,fish,aircraft,Qwen2,1
1956719,existMaterialC,fence,fence,tent,bridge,wall,house,Qwen2,1
1956720,existMaterialNotC,fence,fence,surfboard,cabinet,sword,cage,Qwen2,1
1959548,existAttrC,boat,boat,scarf,dispenser,bear,dock,Qwen2,1
1969441,existAttrC,surfboard,surfboard,chicken,poster,tower,pot,Qwen2,1
1969589,existAttrNotC,wetsuit,wetsuit,bowl,blanket,vest,couch,Qwen2,1
1996931,existAttrC,ball,ball,cart,scooter,doorway,jacket,Qwen2,1
2110053,existMaterialC,chair,chair,floor,suitcase,sofa,couch,Qwen2,1
2133475,existAttrC,motorcycle,motorcycle,bookshelf,dishwasher,clock,pole,Qwen2,1
2161079,existAttrC,train,train,cart,pot,cat,ball,Qwen2,1
2162492,existAttrC,backpack,backpack,chair,toilet,card,chandelier,Qwen2,1
2190786,existAttrC,bear,bear,comforter,headband,bat,dog,Qwen2,1
2190789,existAttrNotC,bear,bear,bag,sweatshirt,flower,helmet,Qwen2,1
2201111,existAttrC,ball,ball,drawer,headband,box,building,Qwen2,1
2223596,existAttrC,fork,fork,planter,cup,bottle,fan,Qwen2,1
2223597,existAttrC,fork,fork,tent,stove,jet,card,Qwen2,1
2223789,existAttrC,cake,cake,pencil,ocean,hallway,ball,Qwen2,1
2257963,existAttrC,helmet,helmet,counter,ball,oven,bracelet,Qwen2,1
2303206,existAttrC,woman,woman,man,child,girl,elephant,Qwen2,1
2310223,existAttrC,chair,chair,fur,sea,floor,snowboard,Qwen2,1
2310224,existAttrC,chair,chair,path,pitcher,pineapple,zoo,Qwen2,1
2330584,existAttrC,dog,dog,crosswalk,basket,glaze,flower,Qwen2,1
2352310,existAttrNotC,desk,desk,clock,chair,boat,couple,Qwen2,1
2352311,existAttrNotC,desk,desk,building,dock,boat,couple,Qwen2,1
2352317,existMaterialNotC,desk,desk,box,dock,pitcher,necklace,Qwen2,1
2359034,existAttrC,racket,racket,desk,cow,patio,table,Qwen2,1
2359035,existAttrC,racket,racket,bike,wetsuit,can,vest,Qwen2,1
2509314,existAttrNotC,train,train,sponge,bicycle,mud,boot,Qwen2,1
2513129,existAttrC,bag,bag,elephant,sofa,frog,poster,Qwen2,1
2513132,existAttrNotC,bag,bag,coat,guitar,dish,placemat,Qwen2,1
2513890,existAttrC,giraffe,giraffe,blind,headband,fan,poster,Qwen2,1
2513926,existAttrNotC,giraffe,giraffe,child,lady,snowboarder,broccoli,Qwen2,1
2550854,existAttrC,skateboard,skateboard,tie,pencil,wristband,bear,Qwen2,1
2553964,existAttrC,zebra,zebra,platter,can,crown,necklace,Qwen2,1
2553966,existAttrNotC,zebra,zebra,horse,poster,radio,towel,Qwen2,1
2591016,existAttrC,cat,cat,donkey,goat,zebra,antelope,Qwen2,1
2591018,existAttrNotC,cat,cat,donut,brush,cake,apple,Qwen2,1
2632619,existAttrC,airplane,airplane,antenna,apron,boat,cockpit,Qwen2,1
2703772,existAttrC,dog,dog,bench,cereal,beer,cow,Qwen2,1
2703773,existAttrC,dog,dog,burger,banana,glass,couch,Qwen2,1
2703777,existAttrNotC,dog,dog,goat,bottle,pavement,keyboard,Qwen2,1
2703778,existAttrNotC,dog,dog,backpack,bowl,milk,tent,Qwen2,1
2703779,existAttrNotC,dog,dog,jeep,antelope,purse,carrot,Qwen2,1
2732876,existAttrC,bike,bike,cat,hose,shoe,pouch,Qwen2,1
2732877,existAttrC,bike,bike,tea,blind,meat,soup,Qwen2,1
2732879,existAttrNotC,bike,bike,ornament,platform,magnet,vest,Qwen2,1
2751628,existAttrC,train,train,curtain,sidewalk,purse,shoe,Qwen2,1
2759769,existAttrC,clock,clock,burger,cap,flower,collar,Qwen2,1
2785186,existAttrC,wetsuit,wetsuit,swimsuit,pole,fireplace,cabinet,Qwen2,1
2800495,existAttrC,apple,apple,boot,tea,snowboard,lamb,Qwen2,1
2822821,existMaterialC,table,table,fan,airplane,comforter,wok,Qwen2,1
2822822,existMaterialNotC,table,table,cart,shoe,sword,bat,Qwen2,1
2841512,existAttrC,hat,hat,sidewalk,bull,laptop,seagull,Qwen2,1
2851336,existAttrNotC,woman,woman,bear,frog,skier,zebra,Qwen2,1
2853541,existAttrC,zebra,zebra,sauce,desk,kettle,apron,Qwen2,1
2885015,existAttrC,airplane,airplane,pole,artwork,motorcycle,branch,Qwen2,1
2897303,existAttrC,bus,bus,pot,lid,curtain,coat,Qwen2,1
2897304,existAttrC,bus,bus,house,curtain,platter,brush,Qwen2,1
2897358,existAttrC,clock,clock,scooter,knife,helmet,cup,Qwen2,1
2932802,existAttrC,bench,bench,notebook,sweatshirt,counter,building,Qwen2,1
3154095,existAttrC,couch,couch,desk,counter,sofa,bed,Qwen2,1
3154097,existAttrNotC,couch,couch,poster,trash,sculpture,pen,Qwen2,1
3168354,existAttrC,table,table,bathtub,broom,countertop,antenna,Qwen2,1
3202901,existAttrC,phone,phone,artwork,sauce,store,donkey,Qwen2,1
3210385,existMaterialC,chair,chair,tray,cupboard,cooker,sink,Qwen2,1
3210424,existAttrC,surfboard,surfboard,candle,vase,desk,napkin,Qwen2,1
3212854,existMaterialNotC,surfboard,surfboard,boat,broom,sidewalk,bucket,Qwen2,1
3226939,existAttrC,dog,dog,eagle,bench,spatula,sweatshirt,Qwen2,1
3236316,existAttrC,couch,couch,bun,boat,pizza,hallway,Qwen2,1
3238712,existAttrC,bird,bird,bicycle,bed,sweater,hay,Qwen2,1
3273623,existAttrC,racket,racket,sidewalk,wall,lamp,skateboard,Qwen2,1
3273708,existAttrC,hat,hat,station,car,vase,bench,Qwen2,1
3289469,existAttrC,woman,woman,man,elephant,giraffe,doll,Qwen2,1
3289471,existAttrNotC,woman,woman,bear,dog,lamb,sheep,Qwen2,1
3301231,existAttrC,sand,sand,path,orange,bowl,giraffe,Qwen2,1
3301285,existAttrC,surfboard,surfboard,shirt,antenna,box,motorcycle,Qwen2,1
3344651,existAttrC,horse,horse,cat,taxi,pipe,bathtub,Qwen2,1
3346583,existAttrC,skateboard,skateboard,napkin,bear,cap,drawer,Qwen2,1
3350154,existAttrC,giraffe,giraffe,bench,woman,shirt,dress,Qwen2,1
3350157,existAttrNotC,giraffe,giraffe,fork,helmet,watch,shirt,Qwen2,1
3376422,existAttrC,skateboard,skateboard,spoon,spatula,antenna,box,Qwen2,1
3376423,existAttrC,skateboard,skateboard,poster,bathtub,blouse,scarf,Qwen2,1
3386062,existAttrC,bike,bike,lid,chair,frisbee,owl,Qwen2,1
3388940,existAttrC,cat,cat,antelope,placemat,mud,laptop,Qwen2,1
3388941,existAttrC,cat,cat,crosswalk,parrot,cabinet,boat,Qwen2,1
3388942,existAttrC,cat,cat,owl,apple,swimsuit,sheep,Qwen2,1
3388944,existAttrNotC,cat,cat,bat,ornament,cheese,ball,Qwen2,1
3388945,existAttrNotC,cat,cat,tire,earring,spoon,puddle,Qwen2,1
3395510,existAttrC,woman,woman,cow,giraffe,boy,child,Qwen2,1
3398007,existAttrNotC,surfboard,surfboard,motorcycle,doll,tower,saucer,Qwen2,1
3405107,existAttrC,table,table,owl,guitar,wristband,carrot,Qwen2,1
3431324,existAttrC,sheep,sheep,desk,bridge,mask,poster,Qwen2,1
3431326,existAttrNotC,sheep,sheep,cake,blender,antelope,seagull,Qwen2,1
3446953,existAttrC,towel,towel,patio,pole,necklace,dock,Qwen2,1
3459551,existAttrC,surfboard,surfboard,beard,blender,comforter,football,Qwen2,1
3557075,existAttrC,bench,bench,airport,table,thermometer,carrot,Qwen2,1
3557088,existMaterialC,bench,bench,tire,earring,lid,platform,Qwen2,1
3557111,existAttrC,sand,sand,platform,river,path,ocean,Qwen2,1
3567534,existAttrC,laptop,laptop,bench,vase,pizza,coffee,Qwen2,1
3567535,existAttrC,laptop,laptop,knife,cart,burner,graffiti,Qwen2,1
3585316,existAttrC,surfboard,surfboard,kettle,cabinet,bridge,cart,Qwen2,1
3585317,existAttrC,surfboard,surfboard,taxi,lettuce,roadway,beer,Qwen2,1
3585319,existAttrNotC,surfboard,surfboard,cake,apron,tower,sculpture,Qwen2,1
3606918,existAttrC,bag,bag,frog,bedspread,boat,sweater,Qwen2,1
3606920,existAttrNotC,bag,bag,desk,robe,bicycle,headband,Qwen2,1
3787283,existAttrNotC,bear,bear,dishwasher,pitcher,cart,bat,Qwen2,1
3787338,existMaterialC,bench,bench,pipe,bathtub,patio,tunnel,Qwen2,1
3823973,existAttrC,bike,bike,bowl,bedspread,placemat,train,Qwen2,1
3827574,existAttrNotC,wetsuit,wetsuit,blouse,tray,lamp,sweatshirt,Qwen2,1
3905434,existAttrC,dog,dog,racket,oven,bat,bracelet,Qwen2,1
3905435,existAttrC,dog,dog,cow,eagle,sculpture,doorway,Qwen2,1
3939023,existMaterialC,bench,bench,airplane,pan,pot,saucer,Qwen2,1
3939024,existMaterialC,bench,bench,wall,building,doorway,dock,Qwen2,1
3943921,existAttrC,fork,fork,pole,package,beard,watch,Qwen2,1
3943942,existMaterialC,fork,fork,fence,lid,lamp,sculpture,Qwen2,1
3966451,existAttrC,bat,bat,pavement,flower,comforter,desk,Qwen2,1
4165666,existAttrC,skateboard,skateboard,pipe,refrigerator,station,train,Qwen2,1
4188450,existAttrC,ball,ball,swimsuit,boot,pot,collar,Qwen2,1
4197370,existAttrC,pizza,pizza,lemon,cucumber,orange,apple,Qwen2,1
4227019,existAttrC,cow,cow,wristband,cookie,pie,heater,Qwen2,1
4273779,existAttrC,dog,dog,bush,graffiti,glass,paddle,Qwen2,1
4286510,existMaterialC,table,table,jet,surfboard,knife,station,Qwen2,1
4286511,existMaterialC,table,table,spoon,lid,wristband,cupboard,Qwen2,1
4286512,existMaterialC,table,table,flower,burner,pizza,patio,Qwen2,1
4299396,existAttrC,clock,clock,boat,taxi,pan,microphone,Qwen2,1
4299397,existAttrC,clock,clock,bedspread,bed,horse,bag,Qwen2,1
4335780,existAttrC,dog,dog,lamp,spoon,jacket,sidewalk,Qwen2,1
4354751,existAttrC,wetsuit,wetsuit,cabin,parrot,cabinet,thermometer,Qwen2,1
4354831,existAttrNotC,surfboard,surfboard,dishwasher,bottle,football,uniform,Qwen2,1
4367833,existAttrC,dog,dog,flower,bracelet,bull,backpack,Qwen2,1
4367839,existAttrNotC,dog,dog,guitar,carriage,shirt,bear,Qwen2,1
4470113,existAttrC,dog,dog,comforter,camera,carriage,television,Qwen2,1
4481991,existMaterialC,train,train,bridge,branch,doll,cart,Qwen2,1
4481992,existMaterialC,train,train,sink,couch,bed,pole,Qwen2,1
4482014,existAttrC,train,train,microwave,building,soap,branch,Qwen2,1
4495630,existAttrC,bird,bird,helmet,elephant,dog,boat,Qwen2,1
4495634,existAttrNotC,bird,bird,bathroom,bowl,countertop,bottle,Qwen2,1
4503386,existAttrC,table,table,skateboard,bag,flower,sculpture,Qwen2,1
4503389,existAttrNotC,table,table,bat,bench,chair,clock,Qwen2,1
4536299,existAttrC,bird,bird,floor,urinal,cereal,girl,Qwen2,1
4537108,existAttrC,giraffe,giraffe,pitcher,receipt,wristband,banana,Qwen2,1
4537111,existAttrNotC,giraffe,giraffe,bird,toothbrush,fence,basket,Qwen2,1
4554613,existAttrC,racket,racket,bun,necklace,crowd,pizza,Qwen2,1
4581760,existAttrC,boat,boat,tissue,spoon,glove,parrot,Qwen2,1
4610670,existAttrC,skateboard,skateboard,sweatshirt,toothbrush,trash,sail,Qwen2,1
4740658,existAttrC,tablecloth,tablecloth,pole,countertop,drawer,gravel,Qwen2,1
4782052,existAttrC,horse,horse,airport,tire,sweater,sidewalk,Qwen2,1
4782053,existAttrC,horse,horse,bucket,box,liquid,dish,Qwen2,1
4806261,existAttrC,wetsuit,wetsuit,roadway,can,pencil,elephant,Qwen2,1
4860237,existAttrC,phone,phone,trash,pizza,flower,lid,Qwen2,1
4862082,existMaterialC,kettle,kettle,tray,pan,fan,pot,Qwen2,1
4891054,existAttrC,snowboard,snowboard,aircraft,spoon,bunny,bag,Qwen2,1
4891055,existAttrC,snowboard,snowboard,countertop,guitar,pole,bell,Qwen2,1
4906654,existAttrC,boat,boat,dock,glove,laptop,box,Qwen2,1
4917742,existAttrC,zebra,zebra,tablecloth,camera,sail,fireplace,Qwen2,1
4917743,existAttrC,zebra,zebra,apple,cheese,platter,keyboard,Qwen2,1
4940372,existAttrC,dog,dog,camera,candle,van,blouse,Qwen2,1
4965148,existAttrNotC,woman,woman,skier,guy,man,boy,Qwen2,1
4965873,existAttrC,wetsuit,wetsuit,shirt,ocean,cake,locomotive,Qwen2,1
5161201,existAttrC,truck,truck,sculpture,cockpit,sink,pencil,Qwen2,1
5188834,existAttrC,backpack,backpack,beard,antenna,sauce,dog,Qwen2,1
5188878,existAttrC,helmet,helmet,airplane,orange,fish,lid,Qwen2,1
5235832,existAttrC,sand,sand,soup,burner,comforter,curtain,Qwen2,1
5241826,existAttrC,fence,fence,tie,stove,boot,bird,Qwen2,1
5249250,existAttrNotC,cat,cat,planter,surfboard,crosswalk,water,Qwen2,1
5249251,existAttrNotC,cat,cat,cockpit,train,dispenser,suit,Qwen2,1
5249303,existAttrC,cat,cat,seagull,woman,bird,lady,Qwen2,1
5249305,existAttrNotC,cat,cat,frog,skier,baby,elephant,Qwen2,1
5250708,existAttrC,dog,dog,cockpit,mask,tie,microwave,Qwen2,1
5250709,existAttrC,dog,dog,jeep,skateboard,sofa,frisbee,Qwen2,1
5250710,existAttrC,dog,dog,jacket,piano,antelope,counter,Qwen2,1
5250711,existAttrC,dog,dog,coffee,glass,donut,bag,Qwen2,1
5250713,existAttrNotC,dog,dog,drum,sink,cake,sheep,Qwen2,1
5319440,existMaterialC,fence,fence,pavement,planter,oven,station,Qwen2,1
5365610,existAttrC,cat,cat,truck,tissue,sweater,notebook,Qwen2,1
5399274,existAttrC,fence,fence,hose,earring,fish,dispenser,Qwen2,1
5404149,existMaterialC,fence,fence,toilet,surfboard,boat,pencil,Qwen2,1
5458402,existAttrC,train,train,skirt,brush,bush,television,Qwen2,1
5458404,existAttrNotC,train,train,notebook,cart,box,oven,Qwen2,1
5537114,existAttrC,airplane,airplane,tunnel,fence,bag,pencil,Qwen2,1
5568206,existAttrC,banana,banana,television,radio,skirt,cookie,Qwen2,1
5617271,existAttrC,horse,horse,stove,sofa,burger,earring,Qwen2,1
5618163,existAttrC,dog,dog,kitten,bike,cereal,placemat,Qwen2,1
5691602,existAttrNotC,fence,fence,wall,couple,chair,table,Qwen2,1
5691605,existMaterialC,fence,fence,tray,keyboard,ornament,phone,Qwen2,1
5712627,existAttrC,bench,bench,seagull,box,basket,counter,Qwen2,1
5712628,existAttrC,bench,bench,platform,fan,crown,jet,Qwen2,1
5720253,existAttrC,table,table,bridge,burner,cooker,box,Qwen2,1
5720258,existMaterialC,table,table,bridge,suitcase,tray,blender,Qwen2,1
5741474,existAttrC,blanket,blanket,tie,hallway,sweatshirt,kitten,Qwen2,1
5741475,existAttrC,blanket,blanket,phone,pineapple,cap,tablecloth,Qwen2,1
5752068,existAttrC,can,can,cabinet,bag,luggage,cup,Qwen2,1
5767717,existAttrC,pot,pot,towel,comforter,lid,watch,Qwen2,1
5802794,existAttrC,skateboard,skateboard,cabin,fan,fur,seat,Qwen2,1
5811190,existAttrC,coat,coat,branch,cactus,can,drum,Qwen2,1
5811191,existAttrC,coat,coat,tray,sink,juice,artwork,Qwen2,1
5811192,existAttrC,coat,coat,vase,bookshelf,scooter,drawer,Qwen2,1
5811254,existAttrC,snowboard,snowboard,broccoli,wall,fur,poster,Qwen2,1
5814869,existAttrC,bat,bat,fan,mask,guitar,lake,Qwen2,1
5819465,existAttrC,fence,fence,motorcycle,ring,spatula,tomato,Qwen2,1
5819480,existMaterialNotC,fence,fence,ornament,truck,heater,bus,Qwen2,1
5947110,existAttrC,snowboard,snowboard,apple,monitor,cooker,building,Qwen2,1
5949088,existAttrC,table,table,bird,sail,apple,blanket,Qwen2,1
5949090,existAttrNotC,table,table,shirt,microwave,watch,sea,Qwen2,1
6106132,existAttrC,helmet,helmet,purse,pie,cabinet,cage,Qwen2,1
6121312,existAttrC,helmet,helmet,dress,box,sink,ball,Qwen2,1
6121371,existAttrC,motorcycle,motorcycle,highway,station,stove,collar,Qwen2,1
6146328,existAttrC,cat,cat,van,skirt,blind,comforter,Qwen2,1
6146329,existAttrC,cat,cat,sidewalk,desk,patio,sculpture,Qwen2,1
6172050,existAttrNotC,woman,woman,couple,guy,skateboarder,horse,Qwen2,1
6212320,existAttrC,bench,bench,doorway,van,bedspread,keyboard,Qwen2,1
6221304,existAttrC,horse,horse,hay,racket,counter,cabinet,Qwen2,1
6280207,existAttrC,blanket,blanket,wall,apple,soap,tower,Qwen2,1
6376856,existAttrC,dog,dog,camera,river,flower,oven,Qwen2,1
6399709,existAttrC,helmet,helmet,cooker,sweatshirt,vest,bridge,Qwen2,1
6435822,existAttrC,cup,cup,pan,stove,oven,camera,Qwen2,1
6436235,existAttrC,backpack,backpack,surfboard,pitcher,bus,cage,Qwen2,1
6436276,existMaterialC,fence,fence,camera,bridge,cart,basket,Qwen2,1
6481613,existAttrC,frisbee,frisbee,paddle,broccoli,drum,antenna,Qwen2,1
6499183,existMaterialC,spoon,spoon,dock,bush,drum,seat,Qwen2,1
6541163,existAttrC,hat,hat,highway,brush,jacket,surfboard,Qwen2,1
6560616,existAttrC,cat,cat,crown,apple,wine,sponge,Qwen2,1
6560618,existAttrNotC,cat,cat,graffiti,cabin,tent,glass,Qwen2,1
6609518,existAttrC,airplane,airplane,apple,elephant,ornament,taxi,Qwen2,1
6620741,existAttrC,sand,sand,bear,necklace,brush,newspaper,Qwen2,1
6632551,existAttrC,woman,woman,elephant,doll,cat,boy,Qwen2,1
6632554,existAttrNotC,woman,woman,frog,cow,bear,surfer,Qwen2,1
6636447,existAttrC,tablecloth,tablecloth,sheep,comforter,monitor,doll,Qwen2,1
6757357,existAttrC,guitar,guitar,fireplace,zoo,notepad,bouquet,Qwen2,1
6790970,existAttrC,spoon,spoon,basket,branch,cart,fence,Qwen2,1
6805756,existAttrC,frisbee,frisbee,bench,pavement,dispenser,river,Qwen2,1
6859264,existAttrC,cat,cat,swimsuit,water,television,helmet,Qwen2,1
6859267,existAttrNotC,cat,cat,tunnel,ball,heater,beard,Qwen2,1
6881805,existAttrC,table,table,sandwich,ball,beer,phone,Qwen2,1
6969065,existAttrC,boat,boat,paddle,soup,lid,house,Qwen2,1
7207782,existAttrC,pot,pot,can,boot,shoe,tire,Qwen2,1
7277658,existAttrC,dog,dog,kangaroo,cart,doorway,donut,Qwen2,1
7277661,existAttrNotC,dog,dog,wristband,pavement,patio,saucer,Qwen2,1
7277679,existAttrC,dog,dog,boy,zebra,bear,elephant,Qwen2,1
7277681,existAttrNotC,dog,dog,driver,horse,girl,frog,Qwen2,1
7288595,existMaterialC,table,table,chair,river,pan,pizza,Qwen2,1
7288596,existMaterialC,table,table,collar,wok,basket,river,Qwen2,1
7295539,existAttrC,cow,cow,orange,jersey,crown,wetsuit,Qwen2,1
7308585,existAttrC,clock,clock,sculpture,shirt,bathroom,skateboard,Qwen2,1
7313604,existAttrC,surfboard,surfboard,cart,zebra,swimsuit,bathtub,Qwen2,1
7314814,existAttrC,woman,woman,girl,doll,baby,elephant,Qwen2,1
7366907,existAttrC,airplane,airplane,cockpit,sculpture,platform,collar,Qwen2,1
7366908,existAttrC,airplane,airplane,cart,soup,tower,bridge,Qwen2,1
7403125,existMaterialC,table,table,sidewalk,bat,luggage,pitcher,Qwen2,1
7403172,existAttrC,table,table,dress,fur,cage,artwork,Qwen2,1
7425611,existAttrC,dog,dog,dish,wristband,planter,clock,Qwen2,1
7431239,existAttrNotC,woman,woman,sheep,policeman,giraffe,surfer,Qwen2,1
7513186,existAttrC,horse,horse,platter,desk,sweater,bus,Qwen2,1
7513187,existAttrC,horse,horse,pipe,car,donut,bucket,Qwen2,1
7521574,existAttrC,table,table,woman,saucer,crosswalk,seat,Qwen2,1
7577460,existAttrC,truck,truck,pot,bracelet,luggage,fork,Qwen2,1
7822781,existAttrC,fence,fence,train,bridge,vase,blender,Qwen2,1
7864834,existAttrC,racket,racket,chair,cake,fireplace,purse,Qwen2,1
7893995,existAttrC,sand,sand,shoe,glass,hose,ship,Qwen2,1
7924445,existAttrNotC,table,table,candle,carrot,cooker,notebook,Qwen2,1
7925057,existAttrC,hat,hat,blanket,doll,bull,necklace,Qwen2,1
7927025,existAttrC,table,table,stove,cupboard,bird,graffiti,Qwen2,1
7940206,existAttrC,zebra,zebra,ship,ball,van,donut,Qwen2,1
7940209,existAttrNotC,zebra,zebra,lid,canoe,pot,bench,Qwen2,1
7955120,existAttrC,hat,hat,bed,sofa,goat,surfboard,Qwen2,1
7983570,existMaterialC,fence,fence,sidewalk,fireplace,train,blind,Qwen2,1
8117042,existAttrC,wetsuit,wetsuit,stove,sand,train,curtain,Qwen2,1
8117084,existAttrC,surfboard,surfboard,horse,brush,antenna,dress,Qwen2,1
8132302,existAttrC,clock,clock,dispenser,tissue,aircraft,floor,Qwen2,1
8132318,existAttrC,clock,clock,donut,sandwich,cake,tower,Qwen2,1
8132320,existAttrNotC,clock,clock,racket,sausage,glass,keyboard,Qwen2,1
8149390,existAttrC,sofa,sofa,cap,jacket,pot,planter,Qwen2,1
8220751,existAttrC,fork,fork,pencil,headband,spoon,knife,Qwen2,1
8225254,existMaterialC,fence,fence,necklace,counter,platform,fireplace,Qwen2,1
8244092,existAttrNotC,table,table,dock,building,wall,bench,Qwen2,1
8258635,existAttrNotC,woman,woman,elephant,frog,cow,zebra,Qwen2,1
8267021,existAttrC,clock,clock,bathroom,magnet,notebook,milk,Qwen2,1
8267036,existAttrC,clock,clock,doll,fence,meat,pizza,Qwen2,1
8287709,existAttrC,surfboard,surfboard,pizza,patio,racket,luggage,Qwen2,1
8287928,existAttrC,racket,racket,robe,patio,fur,cow,Qwen2,1
8287930,existAttrNotC,racket,racket,wristband,blanket,ocean,pitcher,Qwen2,1
8296249,existAttrC,knife,knife,doorway,shirt,cat,wok,Qwen2,1
8334389,existAttrC,cake,cake,tent,train,vase,pineapple,Qwen2,1
8334390,existAttrC,cake,cake,sea,sheep,seat,elephant,Qwen2,1
8336850,existAttrC,boat,boat,watch,sail,keyboard,donut,Qwen2,1
8336851,existAttrC,boat,boat,tire,fence,pole,vase,Qwen2,1
8389527,existAttrC,train,train,surfboard,bunny,sand,apron,Qwen2,1
8410212,existAttrC,boat,boat,house,wall,river,bicycle,Qwen2,1
8410217,existAttrNotC,boat,boat,frisbee,eagle,jersey,chandelier,Qwen2,1
8415989,existAttrC,cat,cat,burner,sweater,dog,bush,Qwen2,1
8415990,existAttrC,cat,cat,trash,bunny,sink,notepad,Qwen2,1
8417836,existAttrC,pan,pan,knife,bucket,snowboard,sand,Qwen2,1
8430312,existMaterialNotC,bag,bag,car,frisbee,fan,tablecloth,Qwen2,1
8443965,existAttrC,clock,clock,blouse,uniform,cockpit,cake,Qwen2,1
8490864,existAttrC,carrot,carrot,backpack,napkin,platform,bag,Qwen2,1
8517083,existAttrC,airplane,airplane,purse,pot,cake,flower,Qwen2,1
8517085,existAttrC,airplane,airplane,seat,roadway,boat,skateboard,Qwen2,1
8541975,existAttrC,bag,bag,bus,lid,tablecloth,juice,Qwen2,1
8541977,existAttrNotC,bag,bag,pole,towel,trash,chicken,Qwen2,1
8561590,existAttrC,hat,hat,bathroom,sail,soup,oven,Qwen2,1
8574098,existAttrC,airplane,airplane,pot,branch,seat,pavement,Qwen2,1
8592005,existAttrC,sand,sand,shirt,bench,building,dress,Qwen2,1
8592006,existAttrC,sand,sand,bus,bird,bench,shoe,Qwen2,1
8592021,existAttrC,sand,sand,lamb,lid,bottle,donkey,Qwen2,1
8592022,existAttrC,sand,sand,bookshelf,card,building,suitcase,Qwen2,1
8601405,existAttrC,table,table,sofa,tea,coat,robe,Qwen2,1
8601406,existAttrC,table,table,frisbee,jet,cabin,cage,Qwen2,1
8601421,existAttrC,table,table,bathroom,refrigerator,bus,bracelet,Qwen2,1
8601426,existMaterialC,table,table,bear,sculpture,cabinet,bathtub,Qwen2,1
8601427,existMaterialNotC,table,table,fork,shoe,spatula,truck,Qwen2,1
8619202,existAttrC,cat,cat,refrigerator,pole,donut,cow,Qwen2,1
8619243,existAttrC,laptop,laptop,doorway,apron,cabin,train,Qwen2,1
8619244,existAttrC,laptop,laptop,drum,ornament,station,bus,Qwen2,1
8619245,existAttrC,laptop,laptop,bucket,meat,crosswalk,glaze,Qwen2,1
8621665,existAttrC,phone,phone,tie,purse,ring,sand,Qwen2,1
8665627,existAttrC,coat,coat,package,train,car,tissue,Qwen2,1
8676413,existAttrC,dog,dog,bug,pole,ship,bed,Qwen2,1
8700347,existAttrC,wetsuit,wetsuit,cat,cucumber,doll,burger,Qwen2,1
8721542,existAttrC,fence,fence,monitor,artwork,spoon,spatula,Qwen2,1
8721552,existMaterialC,fence,fence,canoe,placemat,house,tunnel,Qwen2,1
8743289,existMaterialC,knife,knife,package,fence,thermometer,tire,Qwen2,1
8743355,existAttrC,fork,fork,tablecloth,airplane,stove,paddle,Qwen2,1
8749167,existAttrC,tablecloth,tablecloth,dispenser,bucket,cake,bowl,Qwen2,1
8775158,existAttrC,towel,towel,racket,hallway,swimsuit,oven,Qwen2,1
8812370,existMaterialC,table,table,stove,floor,bucket,wall,Qwen2,1
8812371,existMaterialC,table,table,refrigerator,beer,cup,tray,Qwen2,1
8812373,existMaterialNotC,table,table,countertop,seat,bucket,train,Qwen2,1
8815466,existAttrC,horse,horse,oven,sweatshirt,bush,airplane,Qwen2,1
8898341,existAttrC,train,train,ring,placemat,carrot,bunny,Qwen2,1
8944008,existAttrC,table,table,taxi,apron,cereal,doorway,Qwen2,1
8944010,existAttrNotC,table,table,pizza,ship,sculpture,placemat,Qwen2,1
8955010,existAttrC,cat,cat,kettle,bird,doorway,horse,Qwen2,1
8955012,existAttrNotC,cat,cat,blouse,keyboard,cheese,earring,Qwen2,1
8955013,existAttrNotC,cat,cat,pencil,horse,pouch,path,Qwen2,1
8955368,existAttrC,bird,bird,pencil,lake,dispenser,cockpit,Qwen2,1
8955406,existAttrC,bird,bird,crosswalk,pavement,branch,pizza,Qwen2,1
8955408,existAttrNotC,bird,bird,crosswalk,orange,tire,zebra,Qwen2,1
9107701,existAttrC,racket,racket,guitar,dumpster,skateboard,phone,Qwen2,1
9142792,existAttrC,racket,racket,dishwasher,tent,piano,bat,Qwen2,1
9160929,existAttrC,purse,purse,boat,cow,dish,box,Qwen2,1
9175116,existAttrC,racket,racket,cactus,lamb,bell,apron,Qwen2,1
9192773,existAttrC,sofa,sofa,house,clock,saucer,lamp,Qwen2,1
9192856,existAttrC,dog,dog,path,keyboard,fruit,frisbee,Qwen2,1
9194794,existAttrC,cake,cake,cart,purse,sauce,tent,Qwen2,1
9194955,existAttrC,fork,fork,bat,robe,glaze,carriage,Qwen2,1
9195284,existAttrC,table,table,tissue,bell,cage,crown,Qwen2,1
9256162,existAttrC,fork,fork,boat,watch,vase,bucket,Qwen2,1
9256300,existMaterialC,table,table,drawer,brush,blender,earring,Qwen2,1
9279298,existAttrC,giraffe,giraffe,cabin,mud,ketchup,pavement,Qwen2,1
9279299,existAttrC,giraffe,giraffe,meat,beard,microwave,bookshelf,Qwen2,1
9279301,existAttrNotC,giraffe,giraffe,cookie,racket,paddle,towel,Qwen2,1
9280360,existAttrC,surfboard,surfboard,swimsuit,store,mud,magnet,Qwen2,1
9280361,existAttrC,surfboard,surfboard,canoe,crosswalk,tire,sail,Qwen2,1
9280363,existAttrNotC,surfboard,surfboard,jacket,bracelet,bike,backpack,Qwen2,1
9300729,existAttrC,ball,ball,suit,cat,sandwich,box,Qwen2,1
9300730,existAttrC,ball,ball,cabin,ornament,mask,water,Qwen2,1
9321864,existAttrC,sand,sand,planter,pouch,foil,uniform,Qwen2,1
9356089,existAttrC,banana,banana,bracelet,stove,bunny,dock,Qwen2,1
9356092,existAttrNotC,banana,banana,tray,building,branch,bread,Qwen2,1
9377585,existAttrC,surfboard,surfboard,bridge,television,suit,motorcycle,Qwen2,1
9410479,existAttrC,bus,bus,bird,glove,beard,hallway,Qwen2,1
9417105,existAttrC,clock,clock,collar,airport,cabinet,sheep,Qwen2,1
9417106,existAttrC,clock,clock,microwave,tent,glass,elephant,Qwen2,1
9425199,existAttrC,wetsuit,wetsuit,bowl,bird,dumpster,aircraft,Qwen2,1
9510058,existMaterialC,chair,chair,collar,couch,necklace,tie,Qwen2,1
9510059,existMaterialC,chair,chair,pouch,bag,notepad,backpack,Qwen2,1
9520023,existAttrNotC,table,table,dock,boat,chair,building,Qwen2,1
9520047,existAttrC,table,table,ornament,ring,meat,broccoli,Qwen2,1
9520048,existAttrC,table,table,bench,fan,racket,picture,Qwen2,1
9524417,existAttrC,dog,dog,bird,dock,fruit,notebook,Qwen2,1
9524419,existAttrNotC,dog,dog,tractor,couch,bench,oven,Qwen2,1
9536903,existAttrC,hat,hat,cabin,headband,soap,store,Qwen2,1
9536904,existAttrC,hat,hat,table,fruit,counter,dog,Qwen2,1
9555723,existAttrNotC,bench,bench,chair,couple,building,table,Qwen2,1
9569342,existAttrC,cat,cat,receipt,patio,surfboard,dock,Qwen2,1
9569343,existAttrC,cat,cat,seagull,card,store,bell,Qwen2,1
9569344,existAttrC,cat,cat,cupboard,bouquet,heater,donut,Qwen2,1
9569346,existAttrNotC,cat,cat,frisbee,fan,ship,chicken,Qwen2,1
9581094,existAttrC,tablecloth,tablecloth,horse,dog,house,package,Qwen2,1
9656664,existAttrC,sand,sand,apple,lamp,blender,paddle,Qwen2,1
9672653,existMaterialC,bag,bag,bracelet,tie,shirt,luggage,Qwen2,1
9672654,existMaterialC,bag,bag,luggage,bike,pouch,sofa,Qwen2,1
9740654,existMaterialC,spoon,spoon,can,bush,picture,sword,Qwen2,1
9740655,existMaterialC,spoon,spoon,canoe,sink,guitar,refrigerator,Qwen2,1
9740656,existMaterialC,spoon,spoon,ball,boat,shoe,necklace,Qwen2,1
9740657,existMaterialC,spoon,spoon,dispenser,vase,fork,baseball,Qwen2,1
9781041,existAttrC,fence,fence,baby,boot,water,pot,Qwen2,1
9781044,existAttrNotC,fence,fence,ornament,ring,pen,microwave,Qwen2,1
9795320,existAttrC,bus,bus,dog,kitchen,pipe,sponge,Qwen2,1
9825404,existAttrC,bear,bear,zebra,tray,store,kitchen,Qwen2,1
9844746,existMaterialNotC,bench,bench,fireplace,laptop,oven,cup,Qwen2,1
9873045,existAttrC,horse,horse,liquid,meat,swimsuit,ketchup,Qwen2,1
9873046,existAttrC,horse,horse,bike,fish,fork,laptop,Qwen2,1
9873048,existAttrNotC,horse,horse,placemat,paddle,napkin,pond,Qwen2,1
9873140,existAttrC,helmet,helmet,picture,juice,pitcher,necklace,Qwen2,1
9933355,existAttrC,fence,fence,basket,zebra,dispenser,cart,Qwen2,1
9933356,existAttrC,fence,fence,trash,desk,goat,sculpture,Qwen2,1
9982070,existMaterialC,pot,pot,brush,keyboard,coat,bag,Qwen2,1
10110499,existAttrC,surfer,surfer,watch,child,bear,flower,Qwen2,1
10110745,existAttrC,helmet,helmet,scooter,dispenser,airplane,coat,Qwen2,1
10110819,existAttrC,skateboard,skateboard,luggage,bottle,cup,blouse,Qwen2,1
10129933,existAttrC,bridge,bridge,magnet,cat,orange,jeep,Qwen2,1
10135132,existAttrC,table,table,placemat,cheese,package,dish,Qwen2,1
10135288,existMaterialC,spoon,spoon,truck,chair,boot,keyboard,Qwen2,1
10135289,existMaterialNotC,spoon,spoon,building,bear,sculpture,watch,Qwen2,1
10135312,existAttrNotC,spoon,spoon,ball,beard,tractor,bell,Qwen2,1
10144555,existAttrC,hat,hat,apron,sofa,crosswalk,candle,Qwen2,1
10153722,existAttrNotC,table,table,cow,couch,sweater,pipe,Qwen2,1
10189910,existAttrC,woman,woman,bear,baby,child,cat,Qwen2,1
10201562,existAttrC,bear,bear,coffee,glass,candle,goat,Qwen2,1
10201563,existAttrC,bear,bear,purse,pot,giraffe,gravel,Qwen2,1
10201587,existAttrC,bear,bear,lamb,goat,elephant,baby,Qwen2,1
10207735,existAttrC,keyboard,keyboard,notebook,bookshelf,shirt,antenna,Qwen2,1
10226146,existAttrC,frisbee,frisbee,pouch,graffiti,countertop,sail,Qwen2,1
10242833,existAttrC,bear,bear,cereal,zoo,broccoli,hay,Qwen2,1
10262324,existAttrC,cow,cow,bat,tire,elephant,lady,Qwen2,1
10282864,existAttrC,train,train,ship,pizza,brush,oven,Qwen2,1
10282892,existMaterialC,train,train,bench,tray,crown,table,Qwen2,1
10321214,existAttrC,table,table,apron,couch,backpack,stove,Qwen2,1
10321217,existAttrNotC,table,table,crown,boy,towel,blind,Qwen2,1
10443600,existAttrC,backpack,backpack,ocean,tent,bedroom,stadium,Qwen2,1
10508418,existMaterialC,bottle,bottle,car,pan,bucket,fish,Qwen2,1
10530019,existAttrC,bus,bus,kangaroo,bear,cap,truck,Qwen2,1
10554836,existAttrC,dog,dog,sink,television,ball,collar,Qwen2,1
10554837,existAttrC,dog,dog,oven,apron,audience,crown,Qwen2,1
10555223,existMaterialC,table,table,toilet,surfboard,bag,chair,Qwen2,1
10569054,existMaterialC,table,table,fireplace,bus,microwave,blender,Qwen2,1
10576760,existAttrC,dog,dog,baby,bun,guy,beard,Qwen2,1
10576762,existAttrNotC,dog,dog,glass,mud,pitcher,juice,Qwen2,1
10584157,existAttrC,airplane,airplane,cart,tractor,piano,guitar,Qwen2,1
10584159,existAttrC,airplane,airplane,wall,bush,carriage,bus,Qwen2,1
10607068,existAttrC,hat,hat,tunnel,sweatshirt,canoe,basket,Qwen2,1
10607137,existAttrC,backpack,backpack,cake,racket,necklace,pen,Qwen2,1
10607162,existAttrC,wetsuit,wetsuit,bell,horse,swimsuit,fence,Qwen2,1
10623202,existAttrC,table,table,bicycle,vest,pot,basket,Qwen2,1
10623228,existMaterialNotC,table,table,stove,cup,glass,crown,Qwen2,1
10623276,existAttrC,spatula,spatula,bridge,path,keyboard,tire,Qwen2,1
10663887,existAttrC,clock,clock,cart,bus,bag,drawer,Qwen2,1
10760995,existAttrC,skateboard,skateboard,napkin,platform,bucket,jersey,Qwen2,1
10816624,existAttrC,truck,truck,ball,surfboard,brush,ornament,Qwen2,1
10816625,existAttrC,truck,truck,wetsuit,ship,airplane,fork,Qwen2,1
10838761,existAttrC,bag,bag,picture,flower,doorway,pot,Qwen2,1
10840104,existAttrNotC,elephant,elephant,kitten,dock,cap,shoe,Qwen2,1
10898981,existAttrC,horse,horse,brush,guitar,fork,refrigerator,Qwen2,1
10898985,existAttrNotC,horse,horse,camera,guitar,vest,box,Qwen2,1
10931567,existAttrC,cat,cat,monitor,sculpture,bird,sandwich,Qwen2,1
10970166,existAttrNotC,bench,bench,curtain,juice,cage,wristband,Qwen2,1
10990870,existAttrC,sheep,sheep,tablecloth,artwork,apple,gravel,Qwen2,1
11007178,existAttrC,bottle,bottle,platform,bicycle,jeep,television,Qwen2,1
11152217,existAttrC,sheep,sheep,girl,bicycle,cow,horse,Qwen2,1
11152218,existAttrC,sheep,sheep,horse,elephant,skier,cat,Qwen2,1
11193243,existAttrC,tablecloth,tablecloth,taxi,bus,bottle,saucer,Qwen2,1
11193244,existAttrC,tablecloth,tablecloth,chair,broccoli,burger,frog,Qwen2,1
11193246,existAttrNotC,tablecloth,tablecloth,mask,elephant,platform,couch,Qwen2,1
11205296,existAttrC,hat,hat,earring,bowl,poster,magnet,Qwen2,1
11318078,existAttrC,bat,bat,box,beard,dress,tea,Qwen2,1
11337442,existAttrC,cow,cow,orange,fruit,microwave,napkin,Qwen2,1
11338340,existAttrC,table,table,boat,ball,microwave,spoon,Qwen2,1
11414750,existAttrC,bus,bus,tunnel,drawer,beer,radio,Qwen2,1
11432258,existAttrNotC,bear,bear,skateboard,pouch,store,keyboard,Qwen2,1
11454969,existAttrC,donut,donut,toilet,wool,frog,truck,Qwen2,1
11454970,existAttrC,donut,donut,tablecloth,graffiti,pen,keyboard,Qwen2,1
11535866,existMaterialNotC,knife,knife,dumpster,branch,cart,microphone,Qwen2,1
11535889,existAttrC,knife,knife,seat,dispenser,aircraft,puddle,Qwen2,1
11646675,existAttrC,surfboard,surfboard,lettuce,kitten,uniform,pot,Qwen2,1
11646676,existAttrC,surfboard,surfboard,juice,dog,tray,bun,Qwen2,1
11646699,existAttrC,wetsuit,wetsuit,seat,pouch,guitar,pole,Qwen2,1
11655172,existAttrC,bike,bike,giraffe,bus,cake,building,Qwen2,1
11655173,existAttrC,bike,bike,carriage,baseball,pole,pavement,Qwen2,1
11705589,existAttrC,table,table,patio,owl,burger,doll,Qwen2,1
11705591,existAttrNotC,table,table,sheep,shoe,flower,meat,Qwen2,1
11727306,existAttrC,horse,horse,desk,airport,apple,shoe,Qwen2,1
11728337,existAttrC,bear,bear,path,urinal,fork,branch,Qwen2,1
11728339,existAttrNotC,bear,bear,bedroom,desk,bathroom,flower,Qwen2,1
11764546,existAttrC,surfboard,surfboard,bathtub,kitchen,lid,bird,Qwen2,1
11764548,existAttrNotC,surfboard,surfboard,microwave,bucket,dog,fur,Qwen2,1
11774382,existAttrC,scarf,scarf,laptop,apron,juice,graffiti,Qwen2,1
11820707,existAttrC,desk,desk,dock,airplane,fireplace,lid,Qwen2,1
11820708,existAttrC,desk,desk,clock,drawer,building,pie,Qwen2,1
11820714,existMaterialNotC,desk,desk,lamp,stove,knife,television,Qwen2,1
11864548,existAttrC,dog,dog,countertop,frisbee,coffee,giraffe,Qwen2,1
11864549,existAttrC,dog,dog,keyboard,burger,headband,pastry,Qwen2,1
11864553,existAttrNotC,dog,dog,bike,broccoli,puddle,fruit,Qwen2,1
11866557,existAttrNotC,helmet,helmet,fork,ball,spoon,cow,Qwen2,1
11869153,existAttrC,cat,cat,train,camera,watch,desk,Qwen2,1
11905561,existAttrC,bench,bench,microwave,antenna,cage,keyboard,Qwen2,1
11905579,existAttrC,bench,bench,cup,pizza,carrot,table,Qwen2,1
11905580,existAttrC,bench,bench,bookshelf,bed,box,bus,Qwen2,1
11905581,existAttrC,bench,bench,coffee,wetsuit,path,bathtub,Qwen2,1
11910347,existAttrC,bear,bear,cabin,doll,bridge,earring,Qwen2,1
11960363,existAttrC,wetsuit,wetsuit,cake,curtain,cat,couch,Qwen2,1
11962489,existAttrC,guitar,guitar,house,branch,tower,foil,Qwen2,1
12189206,existAttrC,truck,truck,zebra,taxi,bell,stadium,Qwen2,1
12245139,existAttrC,dog,dog,baby,wall,driver,lady,Qwen2,1
12246845,existAttrC,cat,cat,bottle,ocean,suit,chair,Qwen2,1
12278872,existAttrC,table,table,couch,scooter,bell,fork,Qwen2,1
12366077,existAttrC,horse,horse,fence,robe,vase,saucer,Qwen2,1
12366078,existAttrC,horse,horse,skirt,swimsuit,football,cow,Qwen2,1
12387463,existAttrC,table,table,notebook,sauce,racket,bush,Qwen2,1
12480270,existAttrC,laptop,laptop,aircraft,wall,kitchen,trash,Qwen2,1
12525673,existAttrC,bus,bus,car,pole,sauce,suitcase,Qwen2,1
12525676,existAttrNotC,bus,bus,spoon,bouquet,beard,tower,Qwen2,1
12526175,existAttrC,surfboard,surfboard,bedspread,banana,canoe,clock,Qwen2,1
12526333,existAttrC,wetsuit,wetsuit,wristband,zebra,cookie,luggage,Qwen2,1
12529822,existAttrC,tablecloth,tablecloth,train,swimsuit,bunny,wristband,Qwen2,1
12534939,existAttrC,elephant,elephant,basket,beard,box,bathroom,Qwen2,1
12552367,existAttrC,table,table,soup,keyboard,bear,swimsuit,Qwen2,1
12603140,existMaterialNotC,bench,bench,basket,tower,bookshelf,burner,Qwen2,1
12621877,existAttrC,wetsuit,wetsuit,giraffe,milk,bag,stove,Qwen2,1
12621878,existAttrC,wetsuit,wetsuit,desk,bell,cereal,cucumber,Qwen2,1
12621879,existAttrC,wetsuit,wetsuit,pasture,tablecloth,bat,suitcase,Qwen2,1
12632940,existAttrC,zebra,zebra,ring,dock,pavement,tea,Qwen2,1
12656044,existMaterialC,bench,bench,oven,picture,tunnel,building,Qwen2,1
12656091,existAttrC,bird,bird,jeep,bell,canoe,dock,Qwen2,1
12670075,existAttrC,elephant,elephant,shirt,bus,fish,cart,Qwen2,1
12670101,existAttrC,elephant,elephant,shoe,giraffe,cow,child,Qwen2,1
12705766,existAttrC,airplane,airplane,banana,house,apple,pan,Qwen2,1
12705767,existAttrC,airplane,airplane,blanket,horse,floor,vase,Qwen2,1
12705768,existAttrC,airplane,airplane,pouch,antenna,sweatshirt,paddle,Qwen2,1
12790844,existAttrC,skateboard,skateboard,poster,picture,snowboard,guitar,Qwen2,1
12794612,existAttrC,clock,clock,laptop,fan,table,pole,Qwen2,1
12794613,existAttrC,clock,clock,heater,magnet,table,microphone,Qwen2,1
12806861,existMaterialC,fork,fork,urinal,bowl,seat,can,Qwen2,1
12826826,existAttrNotC,bat,bat,building,couple,boat,wall,Qwen2,1
12909753,existAttrC,surfboard,surfboard,keyboard,artwork,glass,sword,Qwen2,1
12909754,existAttrC,surfboard,surfboard,bus,fur,bat,sauce,Qwen2,1
12958970,existAttrC,spatula,spatula,dumpster,jeep,luggage,knife,Qwen2,1
12958972,existAttrNotC,spatula,spatula,bench,bat,boat,building,Qwen2,1
12994772,existAttrC,snowboard,snowboard,meat,bookshelf,cucumber,drawer,Qwen2,1
12994774,existAttrC,snowboard,snowboard,doll,sponge,elephant,keyboard,Qwen2,1
12994901,existAttrC,fence,fence,tunnel,bed,microwave,bell,Qwen2,1
13100003,existAttrC,football,football,platform,magnet,apron,spoon,Qwen2,1
13117210,existMaterialC,table,table,floor,cake,bench,sink,Qwen2,1
13124637,existAttrC,laptop,laptop,luggage,curtain,phone,bag,Qwen2,1
13158926,existAttrC,motorcycle,motorcycle,tablecloth,ornament,backpack,bench,Qwen2,1
13175074,existAttrC,surfboard,surfboard,sofa,burger,dock,sand,Qwen2,1
13175107,existAttrC,wetsuit,wetsuit,fireplace,floor,tissue,bread,Qwen2,1
13195109,existAttrC,refrigerator,refrigerator,glove,cabinet,bush,robe,Qwen2,1
13195111,existAttrC,refrigerator,refrigerator,knife,shoe,bush,bike,Qwen2,1
13195138,existAttrC,refrigerator,refrigerator,magnet,roadway,brush,wok,Qwen2,1
13317969,existAttrC,bear,bear,fireplace,owl,water,phone,Qwen2,1
13325396,existAttrC,elephant,elephant,coffee,ornament,store,graffiti,Qwen2,1
13355502,existAttrC,table,table,sheep,antenna,stadium,shirt,Qwen2,1
13355503,existAttrC,table,table,fish,flower,bathtub,jacket,Qwen2,1
13376777,existAttrC,horse,horse,orange,bucket,bike,hose,Qwen2,1
13376779,existAttrNotC,horse,horse,dish,platform,cabinet,bathroom,Qwen2,1
13386870,existMaterialC,bench,bench,microwave,blender,wall,table,Qwen2,1
13460203,existAttrC,television,television,toilet,desk,bike,table,Qwen2,1
13482941,existAttrC,racket,racket,candle,path,hay,cactus,Qwen2,1
13483143,existAttrC,apple,apple,store,ginger,lettuce,cucumber,Qwen2,1
13483172,existAttrC,apple,apple,shirt,cap,crown,giraffe,Qwen2,1
13502091,existAttrC,phone,phone,cake,platform,lamp,earring,Qwen2,1
13512897,existAttrC,cow,cow,apple,guitar,pitcher,lid,Qwen2,1
13514995,existAttrC,cow,cow,farmer,brush,bathtub,carriage,Qwen2,1
13515020,existAttrC,cow,cow,blouse,surfboard,river,toilet,Qwen2,1
13515079,existAttrC,cow,cow,bottle,wetsuit,bathtub,floor,Qwen2,1
13515236,existAttrC,surfboard,surfboard,flower,table,keyboard,bench,Qwen2,1
13539192,existAttrC,racket,racket,bracelet,cereal,kitten,drum,Qwen2,1
13539220,existAttrC,ball,ball,orange,fish,pie,fruit,Qwen2,1
13552237,existAttrC,bus,bus,ring,jersey,meat,dress,Qwen2,1
13611836,existAttrC,giraffe,giraffe,pencil,tent,placemat,helmet,Qwen2,1
13613720,existAttrC,fence,fence,fork,purse,coffee,sponge,Qwen2,1
13613722,existAttrNotC,fence,fence,trash,luggage,lamp,platter,Qwen2,1
13676714,existMaterialC,table,table,bear,clock,bench,floor,Qwen2,1
13677316,existAttrNotC,bear,bear,cockpit,locomotive,beard,knife,Qwen2,1
13732331,existAttrC,woman,woman,doll,child,cat,elephant,Qwen2,1
13759091,existAttrC,orange,orange,meat,fur,sausage,cake,Qwen2,1
13773589,existAttrC,clock,clock,giraffe,puddle,wetsuit,dumpster,Qwen2,1
13780042,existAttrC,woman,woman,bear,cat,dog,doll,Qwen2,1
13780044,existAttrNotC,woman,woman,audience,cow,surfer,elephant,Qwen2,1
13808081,existAttrC,cat,cat,aircraft,graffiti,cooker,bus,Qwen2,1
13808103,existAttrC,cat,cat,can,tie,pipe,broccoli,Qwen2,1
13810604,existAttrC,train,train,bench,dress,knife,paddle,Qwen2,1
13811079,existMaterialC,table,table,countertop,fence,cabin,ring,Qwen2,1
13811200,existAttrC,television,television,wall,tractor,towel,ring,Qwen2,1
13865984,existAttrC,table,table,seagull,airport,kettle,frisbee,Qwen2,1
13866011,existMaterialC,table,table,bathtub,gravel,platter,antenna,Qwen2,1
13872926,existMaterialC,bench,bench,station,ball,racket,airplane,Qwen2,1
13903879,existAttrC,phone,phone,station,locomotive,frisbee,racket,Qwen2,1
13942966,existAttrC,fence,fence,bicycle,taxi,lake,ornament,Qwen2,1
13945851,existAttrC,zebra,zebra,camera,artwork,locomotive,sea,Qwen2,1
13945854,existAttrNotC,zebra,zebra,sweater,patio,refrigerator,ornament,Qwen2,1
13964147,existAttrC,bag,bag,crown,truck,comforter,tractor,Qwen2,1
14116105,existAttrC,train,train,spoon,elephant,car,sailboat,Qwen2,1
14116106,existAttrC,train,train,comforter,tablecloth,building,vase,Qwen2,1
14138688,existAttrC,sand,sand,chair,clock,bedspread,pipe,Qwen2,1
14138723,existAttrC,frisbee,frisbee,basket,bench,dress,seagull,Qwen2,1
14212525,existMaterialC,desk,desk,cockpit,bread,bus,car,Qwen2,1
14251490,existAttrC,backpack,backpack,flower,coffee,cabinet,jersey,Qwen2,1
14251492,existAttrNotC,backpack,backpack,suit,pencil,sausage,cage,Qwen2,1
14279385,existAttrC,motorcycle,motorcycle,cage,purse,wall,truck,Qwen2,1
14303085,existMaterialNotC,bench,bench,cabinet,cage,lamp,refrigerator,Qwen2,1
14303086,existMaterialNotC,bench,bench,fence,train,wall,sword,Qwen2,1
14303087,existMaterialNotC,bench,bench,carriage,drum,can,basket,Qwen2,1
14303427,existMaterialC,fence,fence,pan,cart,pitcher,ball,Qwen2,1
14304195,existAttrC,zebra,zebra,refrigerator,shoe,path,cow,Qwen2,1
14304197,existAttrNotC,zebra,zebra,glove,bear,chandelier,wine,Qwen2,1
14304238,existAttrC,zebra,zebra,orange,couple,building,aircraft,Qwen2,1
14304239,existAttrC,zebra,zebra,truck,shoe,bridge,fruit,Qwen2,1
14305503,existAttrC,table,table,bookshelf,saucer,bouquet,seat,Qwen2,1
14333815,existAttrC,microwave,microwave,tent,sweater,phone,carriage,Qwen2,1
14399769,existAttrC,skateboard,skateboard,boot,placemat,phone,carriage,Qwen2,1
14399772,existAttrNotC,skateboard,skateboard,cabinet,cup,card,baseball,Qwen2,1
14443740,existAttrC,cat,cat,snowboard,box,pastry,candle,Qwen2,1
14443742,existAttrNotC,cat,cat,blender,sweater,sink,water,Qwen2,1
14483574,existAttrC,train,train,coat,airplane,swimsuit,artwork,Qwen2,1
14522567,existAttrC,helmet,helmet,jet,jersey,drawer,table,Qwen2,1
14522707,existAttrC,towel,towel,bottle,picture,suitcase,burner,Qwen2,1
14544577,existMaterialC,bat,bat,toilet,guitar,sofa,platform,Qwen2,1
14588017,existAttrC,clock,clock,keyboard,lid,tablecloth,spatula,Qwen2,1
14624272,existAttrC,train,train,pen,phone,bag,sailboat,Qwen2,1
14624273,existAttrC,train,train,swimsuit,collar,phone,cat,Qwen2,1
14724476,existAttrC,table,table,suit,tablecloth,cat,sink,Qwen2,1
14724498,existAttrC,table,table,wristband,bottle,surfboard,pie,Qwen2,1
14724501,existAttrNotC,table,table,dock,chair,boat,building,Qwen2,1
14734368,existAttrC,bird,bird,glove,bookshelf,wall,bathtub,Qwen2,1
14743503,existMaterialC,bench,bench,planter,bridge,house,fence,Qwen2,1
14743505,existMaterialC,bench,bench,fireplace,artwork,house,clock,Qwen2,1
14743506,existMaterialNotC,bench,bench,fireplace,dock,pencil,basket,Qwen2,1
14769021,existMaterialC,fence,fence,floor,counter,oven,building,Qwen2,1
14793750,existAttrC,helmet,helmet,shoe,meat,dog,toilet,Qwen2,1
14793857,existAttrC,bat,bat,bathtub,hose,radio,toilet,Qwen2,1
14793881,existAttrNotC,bat,bat,bench,table,couple,wall,Qwen2,1
14887989,existAttrC,clock,clock,box,bug,spatula,skateboard,Qwen2,1
14907990,existAttrC,fence,fence,frisbee,tray,camera,fish,Qwen2,1
14908080,existAttrC,table,table,uniform,tablecloth,liquid,canoe,Qwen2,1
14908094,existMaterialC,table,table,bathroom,bench,floor,countertop,Qwen2,1
14908095,existMaterialC,table,table,bench,countertop,bathroom,cabinet,Qwen2,1
14908096,existMaterialC,table,table,clock,cabinet,bear,bathroom,Qwen2,1
14908214,existAttrC,train,train,tablecloth,canoe,apple,cabin,Qwen2,1
14922855,existAttrC,train,train,scarf,pan,sofa,frisbee,Qwen2,1
14960100,existMaterialC,spoon,spoon,tomato,platter,chair,doll,Qwen2,1
14964755,existAttrC,airplane,airplane,suit,brush,earring,floor,Qwen2,1
14980277,existAttrC,airplane,airplane,pitcher,paddle,car,cart,Qwen2,1
14986407,existAttrC,bird,bird,apron,luggage,giraffe,locomotive,Qwen2,1
14996048,existAttrC,bat,bat,sandwich,cucumber,pouch,floor,Qwen2,1
14996083,existAttrNotC,helmet,helmet,hose,water,car,desk,Qwen2,1
15120730,existMaterialC,fence,fence,jet,clock,bench,cabinet,Qwen2,1
15173952,existAttrC,clock,clock,comforter,vase,sand,pizza,Qwen2,1
15201502,existAttrNotC,woman,woman,girl,man,giraffe,audience,Qwen2,1
15239201,existAttrC,cat,cat,oven,puddle,sailboat,hose,Qwen2,1
15239203,existAttrNotC,cat,cat,bat,bench,antenna,apron,Qwen2,1
15393965,existAttrC,pan,pan,napkin,glass,collar,baseball,Qwen2,1
15394086,existMaterialNotC,table,table,bush,chair,carriage,brush,Qwen2,1
15437699,existAttrC,racket,racket,bicycle,sausage,van,bookshelf,Qwen2,1
15519620,existAttrC,helmet,helmet,bowl,cap,building,frog,Qwen2,1
15527406,existAttrC,racket,racket,mask,coat,oven,bathroom,Qwen2,1
15527409,existAttrNotC,racket,racket,sofa,bunny,soap,fish,Qwen2,1
15544677,existAttrC,wetsuit,wetsuit,bench,wall,wine,platter,Qwen2,1
15544762,existAttrC,surfboard,surfboard,mask,frisbee,ball,pouch,Qwen2,1
15544763,existAttrC,surfboard,surfboard,tablecloth,fireplace,graffiti,cat,Qwen2,1
15572602,existAttrC,zebra,zebra,jacket,woman,building,shirt,Qwen2,1
15572604,existAttrNotC,zebra,zebra,couch,clock,kitchen,bathtub,Qwen2,1
15597425,existAttrNotC,banana,banana,bun,pizza,pineapple,broccoli,Qwen2,1
15615606,existAttrC,table,table,sculpture,monitor,dishwasher,canoe,Qwen2,1
15631760,existAttrC,fruit,fruit,curtain,earring,ocean,tractor,Qwen2,1
15650878,existAttrC,backpack,backpack,dock,skateboard,cereal,monitor,Qwen2,1
15702142,existAttrC,clock,clock,candle,cap,sculpture,headband,Qwen2,1
15764348,existAttrC,sand,sand,bike,seat,bed,bathtub,Qwen2,1
15764349,existAttrC,sand,sand,counter,spoon,cart,pavement,Qwen2,1
15765401,existAttrC,snowboard,snowboard,cart,coffee,necklace,juice,Qwen2,1
15765402,existAttrC,snowboard,snowboard,television,bridge,collar,bathtub,Qwen2,1
15789712,existAttrC,zebra,zebra,goat,airplane,spatula,heater,Qwen2,1
15789716,existAttrNotC,zebra,zebra,magnet,dishwasher,suitcase,blanket,Qwen2,1
15842915,existAttrC,racket,racket,swimsuit,jeep,platform,card,Qwen2,1
15871327,existAttrC,backpack,backpack,doorway,box,kettle,blender,Qwen2,1
15871330,existAttrC,backpack,backpack,taxi,pitcher,fruit,necklace,Qwen2,1
15876264,existMaterialNotC,bench,bench,ship,fork,wall,shoe,Qwen2,1
15931765,existAttrC,ball,ball,box,napkin,crown,fan,Qwen2,1
15931766,existAttrC,ball,ball,bird,glove,keyboard,artwork,Qwen2,1
15931767,existAttrC,ball,ball,headband,dress,pot,mask,Qwen2,1
15940687,existAttrC,racket,racket,fish,dumpster,robe,cage,Qwen2,1
15959684,existMaterialC,fence,fence,house,picture,crown,desk,Qwen2,1
15959685,existMaterialNotC,fence,fence,tower,keyboard,suitcase,bathroom,Qwen2,1
15959742,existAttrC,racket,racket,notebook,apron,bush,jersey,Qwen2,1
15968096,existAttrNotC,surfboard,surfboard,horse,boot,cookie,helmet,Qwen2,1
15974571,existAttrC,racket,racket,couch,tablecloth,monitor,snowboard,Qwen2,1
15978410,existAttrC,tablecloth,tablecloth,fan,blender,pipe,curtain,Qwen2,1
15978411,existAttrC,tablecloth,tablecloth,stadium,desk,taxi,milk,Qwen2,1
15978412,existAttrC,tablecloth,tablecloth,bottle,sail,frog,lamp,Qwen2,1
15978543,existAttrC,knife,knife,spoon,toilet,paddle,tower,Qwen2,1
15978544,existAttrC,knife,knife,brush,seat,sailboat,shoe,Qwen2,1
15989701,existAttrC,truck,truck,donut,lamp,shirt,pitcher,Qwen2,1
15989725,existAttrC,truck,truck,airplane,countertop,refrigerator,glass,Qwen2,1
15989728,existAttrNotC,truck,truck,fan,surfer,locomotive,bus,Qwen2,1
16159124,existAttrC,helmet,helmet,ketchup,cooker,store,chair,Qwen2,1
16160468,existAttrC,bench,bench,bookshelf,bear,antenna,jet,Qwen2,1
16177277,existAttrC,bird,bird,train,candle,table,can,Qwen2,1
16177278,existAttrC,bird,bird,gravel,fur,sweatshirt,building,Qwen2,1
16177279,existAttrC,bird,bird,box,dispenser,dish,can,Qwen2,1
16177423,existAttrC,television,television,zebra,train,path,magnet,Qwen2,1
16273589,existAttrNotC,woman,woman,kitten,bear,sheep,cow,Qwen2,1
16297918,existAttrC,dog,dog,train,soap,cap,house,Qwen2,1
16341329,existAttrC,skateboard,skateboard,pond,airplane,couch,headband,Qwen2,1
16353004,existAttrNotC,table,table,clock,chair,bench,building,Qwen2,1
16408538,existAttrC,clock,clock,cap,pot,donut,purse,Qwen2,1
16424440,existAttrC,cat,cat,cap,suitcase,pot,train,Qwen2,1
16454957,existAttrC,surfboard,surfboard,donut,helmet,planter,bridge,Qwen2,1
16501529,existAttrC,pot,pot,blanket,countertop,jacket,napkin,Qwen2,1
16501531,existAttrNotC,pot,pot,cabinet,vase,collar,dog,Qwen2,1
16535092,existAttrC,motorcycle,motorcycle,earring,bun,platter,scarf,Qwen2,1
16646731,existAttrC,sheep,sheep,cow,goat,boy,bird,Qwen2,1
16646757,existAttrC,sheep,sheep,camera,broom,desk,mud,Qwen2,1
16647746,existAttrC,phone,phone,pole,fork,doorway,can,Qwen2,1
16652994,existAttrC,television,television,watch,canoe,bush,tire,Qwen2,1
16652995,existAttrC,television,television,cap,fork,skateboard,earring,Qwen2,1
16654863,existMaterialC,table,table,vase,bell,fish,train,Qwen2,1
16747769,existAttrC,surfboard,surfboard,bicycle,cheese,locomotive,bus,Qwen2,1
16757712,existAttrNotC,bat,bat,dock,chair,wall,couple,Qwen2,1
16758181,existAttrC,bird,bird,heater,apple,fork,bottle,Qwen2,1
16758369,existAttrC,surfboard,surfboard,bookshelf,drum,cheese,floor,Qwen2,1
16773907,existAttrC,skateboard,skateboard,purse,oven,necklace,burner,Qwen2,1
16773908,existAttrC,skateboard,skateboard,napkin,orange,cooker,dress,Qwen2,1
16791434,existAttrC,cow,cow,racket,bucket,gravel,phone,Qwen2,1
16791435,existAttrC,cow,cow,necklace,cart,luggage,headband,Qwen2,1
16809282,existAttrC,helmet,helmet,curtain,bunny,sand,sink,Qwen2,1
16841286,existAttrNotC,woman,woman,lamb,cat,boy,frog,Qwen2,1
16947862,existAttrC,fence,fence,oven,artwork,cage,dispenser,Qwen2,1
16947873,existMaterialC,fence,fence,airplane,sculpture,box,broom,Qwen2,1
16947875,existMaterialNotC,fence,fence,box,crown,building,ship,Qwen2,1
16976182,existAttrC,cat,cat,oven,monitor,bell,liquid,Qwen2,1
16976185,existAttrNotC,cat,cat,dock,racket,sandwich,blind,Qwen2,1
16984479,existAttrC,truck,truck,pot,drawer,ocean,basket,Qwen2,1
17118261,existAttrC,hat,hat,shoe,comforter,horse,box,Qwen2,1
17123710,existAttrC,helmet,helmet,foil,bell,box,house,Qwen2,1
17148429,existAttrC,backpack,backpack,cap,keyboard,chicken,jeep,Qwen2,1
17148430,existAttrC,backpack,backpack,knife,can,cow,sailboat,Qwen2,1
17237572,existMaterialC,chair,chair,bracelet,luggage,shirt,suitcase,Qwen2,1
17249553,existAttrNotC,woman,woman,cat,sheep,dog,horse,Qwen2,1
17250551,existAttrNotC,dog,dog,blanket,bus,piano,bull,Qwen2,1
17253408,existAttrC,dog,dog,backpack,elephant,sponge,dispenser,Qwen2,1
17392984,existAttrC,clock,clock,uniform,fish,beer,chair,Qwen2,1
17392985,existAttrC,clock,clock,banana,artwork,glove,house,Qwen2,1
17392986,existAttrC,clock,clock,sweater,knife,skirt,floor,Qwen2,1
17396315,existAttrC,carrot,carrot,glass,sandwich,train,dog,Qwen2,1
17431402,existAttrC,bridge,bridge,lid,glaze,dog,dock,Qwen2,1
17431404,existAttrC,bridge,bridge,wetsuit,swimsuit,horse,bike,Qwen2,1
17432497,existAttrC,bird,bird,countertop,house,stove,pastry,Qwen2,1
17449754,existAttrC,refrigerator,refrigerator,saucer,cabinet,aircraft,canoe,Qwen2,1
17559858,existAttrC,fork,fork,doorway,bucket,pastry,van,Qwen2,1
17563475,existAttrC,coat,coat,bracelet,shoe,giraffe,basket,Qwen2,1
17577238,existAttrC,hat,hat,car,pot,pavement,bear,Qwen2,1
17596659,existAttrC,train,train,refrigerator,paddle,ball,jersey,Qwen2,1
17596660,existAttrC,train,train,tomato,headband,cage,floor,Qwen2,1
17600491,existAttrC,racket,racket,cactus,wristband,candle,tunnel,Qwen2,1
17600629,existAttrC,truck,truck,broom,cap,cupboard,graffiti,Qwen2,1
17621052,existAttrC,bag,bag,broom,drum,fur,glaze,Qwen2,1
17699682,existAttrC,horse,horse,boat,donut,heater,blouse,Qwen2,1
17700693,existAttrNotC,woman,woman,zebra,cow,cat,child,Qwen2,1
17719529,existAttrC,bike,bike,house,blender,bookshelf,monitor,Qwen2,1
17764309,existAttrC,frisbee,frisbee,bell,cake,boat,truck,Qwen2,1
17826236,existAttrC,table,table,motorcycle,crown,robe,goat,Qwen2,1
17826237,existAttrC,table,table,cupboard,liquid,ball,shoe,Qwen2,1
17826238,existAttrC,table,table,sponge,bell,beer,radio,Qwen2,1
17870911,existAttrC,airplane,airplane,football,couch,tissue,lettuce,Qwen2,1
17876827,existAttrC,train,train,dress,card,dog,drawer,Qwen2,1
17902148,existAttrC,tablecloth,tablecloth,hay,magnet,kettle,donut,Qwen2,1
17912065,existAttrC,motorcycle,motorcycle,bird,basket,desk,surfboard,Qwen2,1
17912066,existAttrC,motorcycle,motorcycle,graffiti,paddle,placemat,airport,Qwen2,1
17931829,existAttrC,clock,clock,tractor,sailboat,placemat,sweatshirt,Qwen2,1
17933590,existMaterialC,boat,boat,fireplace,pen,pot,skateboard,Qwen2,1
17933622,existAttrC,boat,boat,bun,television,platter,spatula,Qwen2,1
17934548,existAttrNotC,bear,bear,child,dog,surfer,giraffe,Qwen2,1
17940197,existAttrC,coat,coat,frisbee,vase,meat,wetsuit,Qwen2,1
17959026,existAttrC,airplane,airplane,stove,toilet,television,horse,Qwen2,1
17959027,existAttrC,airplane,airplane,motorcycle,pole,dish,car,Qwen2,1
17985951,existAttrC,purse,purse,wetsuit,tire,curtain,pouch,Qwen2,1
18104601,existAttrC,cat,cat,kitchen,bedspread,path,bush,Qwen2,1
18200160,existAttrNotC,bench,bench,chair,bat,clock,table,Qwen2,1
18200162,existMaterialC,bench,bench,sidewalk,car,pen,knife,Qwen2,1
18237242,existAttrC,cat,cat,jacket,graffiti,cake,curtain,Qwen2,1
18264814,existAttrNotC,woman,woman,skateboarder,horse,man,surfer,Qwen2,1
18264937,existAttrC,frisbee,frisbee,cheese,river,watch,boat,Qwen2,1
18320986,existAttrC,pot,pot,sink,beer,purse,microwave,Qwen2,1
18321013,existMaterialC,table,table,apron,backpack,jersey,camera,Qwen2,1
18321014,existMaterialNotC,table,table,cake,bathroom,fence,bread,Qwen2,1
18437703,existAttrC,clock,clock,brush,scarf,pavement,sailboat,Qwen2,1
18471280,existAttrC,dog,dog,helmet,refrigerator,seagull,luggage,Qwen2,1
18471281,existAttrC,dog,dog,television,scooter,soup,van,Qwen2,1
18484191,existAttrC,pizza,pizza,cucumber,apple,sauce,orange,Qwen2,1
18484227,existAttrC,pizza,pizza,platter,oven,beard,bedroom,Qwen2,1
18484261,existAttrC,pizza,pizza,glass,picture,cheese,dish,Qwen2,1
18496088,existAttrNotC,giraffe,giraffe,tunnel,purse,carriage,soap,Qwen2,1
18578913,existAttrC,bag,bag,boat,couch,box,comforter,Qwen2,1
18605425,existAttrC,bench,bench,keyboard,lamp,ball,sculpture,Qwen2,1
18605430,existMaterialC,bench,bench,bat,dock,bathtub,pipe,Qwen2,1
18605441,existAttrC,bench,bench,donut,pitcher,sponge,tray,Qwen2,1
18647506,existAttrC,frisbee,frisbee,cap,bush,tea,snowboard,Qwen2,1
18660293,existAttrC,toothbrush,toothbrush,box,knife,sidewalk,cage,Qwen2,1
18660917,existAttrC,bear,bear,giraffe,sheep,skateboarder,surfer,Qwen2,1
18766024,existAttrC,clock,clock,counter,platter,toothbrush,sail,Qwen2,1
18783242,existAttrC,microwave,microwave,radio,mask,lamb,bucket,Qwen2,1
18803138,existAttrC,knife,knife,bat,clock,pasture,dock,Qwen2,1
18803217,existAttrC,apple,apple,path,newspaper,headband,beard,Qwen2,1
18803218,existAttrC,apple,apple,tie,burger,path,sidewalk,Qwen2,1
18803219,existAttrC,apple,apple,phone,keyboard,store,camera,Qwen2,1
18848380,existAttrC,cow,cow,skateboard,piano,swimsuit,brush,Qwen2,1
18848381,existAttrC,cow,cow,bridge,bed,crowd,bucket,Qwen2,1
18848385,existAttrNotC,cow,cow,card,helmet,paddle,bouquet,Qwen2,1
18918440,existAttrC,clock,clock,pond,bed,cap,frisbee,Qwen2,1
18924309,existAttrC,elephant,elephant,cabin,oven,boot,magnet,Qwen2,1
18924314,existAttrNotC,elephant,elephant,vest,bookshelf,bathtub,table,Qwen2,1
18995672,existAttrC,dog,dog,phone,frisbee,urinal,bedroom,Qwen2,1
18995673,existAttrC,dog,dog,bird,couch,microwave,lid,Qwen2,1
18995676,existAttrNotC,dog,dog,cage,giraffe,watch,curtain,Qwen2,1
19111062,existAttrC,table,table,crowd,drum,sausage,blind,Qwen2,1
19111286,existAttrC,woman,woman,cap,skateboarder,suit,bird,Qwen2,1
19146825,existAttrC,elephant,elephant,dress,poster,bird,surfboard,Qwen2,1
19207173,existMaterialC,knife,knife,patio,fireplace,bed,shoe,Qwen2,1
19207175,existMaterialNotC,knife,knife,burner,bag,tire,drawer,Qwen2,1
19230856,existAttrC,horse,horse,burger,crosswalk,shirt,dumpster,Qwen2,1
19234236,existMaterialC,fence,fence,dock,knife,kitchen,sink,Qwen2,1
19234238,existMaterialC,fence,fence,trash,building,table,cart,Qwen2,1
19234339,existAttrC,train,train,sheep,fruit,toilet,placemat,Qwen2,1
19248073,existAttrC,racket,racket,package,ornament,notebook,saucer,Qwen2,1
19298206,existAttrC,spoon,spoon,aircraft,spatula,counter,ship,Qwen2,1
19315508,existAttrC,towel,towel,liquid,pizza,sailboat,carrot,Qwen2,1
19460860,existAttrC,helmet,helmet,bottle,clock,sofa,jet,Qwen2,1
19467719,existAttrC,elephant,elephant,pan,pipe,broom,watch,Qwen2,1
19515965,existAttrC,clock,clock,sheep,vase,bell,cucumber,Qwen2,1
19605538,existAttrC,racket,racket,carrot,sauce,drum,platform,Qwen2,1
19606671,existAttrC,cat,cat,poster,lemon,jeep,jacket,Qwen2,1
19609308,existAttrC,frisbee,frisbee,bathtub,coffee,locomotive,snowboard,Qwen2,1
19638733,existAttrC,surfboard,surfboard,counter,giraffe,earring,bathroom,Qwen2,1
19638734,existAttrC,surfboard,surfboard,vase,fan,bell,sea,Qwen2,1
19638735,existAttrC,surfboard,surfboard,spoon,pan,beer,cow,Qwen2,1
19669042,existAttrNotC,woman,woman,horse,guy,kitten,child,Qwen2,1
19670727,existAttrC,pizza,pizza,meat,sauce,cookie,donut,Qwen2,1
19670729,existAttrNotC,pizza,pizza,cucumber,lemon,donut,carrot,Qwen2,1
19685952,existAttrC,sand,sand,sailboat,mud,skateboard,bush,Qwen2,1
19685996,existAttrC,horse,horse,package,frisbee,couch,sink,Qwen2,1
19693535,existAttrC,helmet,helmet,desk,spatula,donut,truck,Qwen2,1
19693538,existAttrNotC,helmet,helmet,tomato,pastry,fork,tea,Qwen2,1
19721138,existAttrNotC,woman,woman,audience,lamb,sheep,baby,Qwen2,1
19735451,existAttrC,airplane,airplane,bed,airport,scooter,suit,Qwen2,1
19781118,existAttrNotC,fence,fence,dock,clock,chair,table,Qwen2,1
19815837,existAttrC,train,train,racket,stove,doorway,beard,Qwen2,1
19815838,existAttrC,train,train,dog,wine,water,vase,Qwen2,1
19840182,existAttrC,desk,desk,frog,hose,tent,notebook,Qwen2,1
19929767,existAttrC,fork,fork,earring,bird,chair,fan,Qwen2,1
19947217,existAttrC,table,table,suitcase,picture,shoe,house,Qwen2,1
19947237,existAttrNotC,table,table,clock,bench,bat,boat,Qwen2,1
19947302,existAttrC,banana,banana,pie,broccoli,cucumber,tomato,Qwen2,1
19947305,existAttrNotC,banana,banana,lettuce,bun,apple,ketchup,Qwen2,1
19947328,existAttrC,banana,banana,surfboard,branch,tray,building,Qwen2,1
19985459,existAttrC,helmet,helmet,ocean,tie,snowboard,hose,Qwen2,1
21010738,existAttrC,knife,knife,fan,kettle,jacket,microphone,Qwen2,1
21018874,existAttrC,bench,bench,watch,cactus,ball,clock,Qwen2,1
21018888,existMaterialC,bench,bench,paddle,keyboard,pencil,glass,Qwen2,1
21028891,existAttrC,train,train,tunnel,surfboard,meat,pencil,Qwen2,1
31043569,existAttrC,dog,dog,cow,train,platter,card,Qwen2,1
31043570,existAttrC,dog,dog,bun,fence,basket,meat,Qwen2,1
31066583,existAttrC,tablecloth,tablecloth,apple,surfboard,card,robe,Qwen2,1
41005749,existAttrNotC,train,train,bug,bird,airport,sea,Qwen2,1
51043214,existAttrC,table,table,locomotive,seat,jeep,racket,Qwen2,1
51043221,existMaterialNotC,table,table,necklace,oven,knife,fence,Qwen2,1
61001364,existMaterialC,table,table,racket,car,planter,elephant,Qwen2,1
61008889,existAttrC,wetsuit,wetsuit,box,store,tray,bear,Qwen2,1
61024742,existAttrC,coat,coat,kitten,planter,bedspread,zoo,Qwen2,1
61024743,existAttrC,coat,coat,zoo,cap,truck,shirt,Qwen2,1
71029257,existAttrC,phone,phone,crown,chandelier,notepad,bus,Qwen2,1
71029260,existAttrC,phone,phone,napkin,van,juice,curtain,Qwen2,1
71045318,existAttrC,train,train,scooter,cat,knife,television,Qwen2,1
81013901,existAttrC,dog,dog,towel,lamb,crown,bathtub,Qwen2,1
81022808,existAttrC,cake,cake,bell,piano,placemat,jeep,Qwen2,1
91001870,existAttrC,bear,bear,sheep,water,station,bedroom,Qwen2,1
91001871,existAttrC,bear,bear,sidewalk,cup,mud,sea,Qwen2,1
91001874,existAttrNotC,bear,bear,brush,headband,wool,cheese,Qwen2,1
91048921,existAttrNotC,bat,bat,bench,wall,chair,boat,Qwen2,1
91048926,existMaterialC,bat,bat,foil,can,chair,oven,Qwen2,1
101005642,existAttrC,train,train,dog,cart,bird,path,Qwen2,1
101035708,existAttrC,hat,hat,apple,meat,wine,tray,Qwen2,1
101035709,existAttrC,hat,hat,sweatshirt,refrigerator,bread,taxi,Qwen2,1
101036488,existAttrNotC,elephant,elephant,car,watch,laptop,apron,Qwen2,1
101036504,existAttrC,elephant,elephant,dog,girl,baby,boy,Qwen2,1
101036506,existAttrNotC,elephant,elephant,woman,baby,horse,audience,Qwen2,1
101036507,existAttrNotC,elephant,elephant,guy,skier,lamb,skateboarder,Qwen2,1
101041263,existAttrC,wetsuit,wetsuit,bread,hose,vest,bush,Qwen2,1
101041264,existAttrC,wetsuit,wetsuit,pencil,sausage,bat,flower,Qwen2,1
121006296,existAttrC,hat,hat,apron,comforter,pipe,chair,Qwen2,1
121044436,existAttrNotC,ball,ball,tablecloth,necklace,bear,headband,Qwen2,1
121052089,existMaterialC,boat,boat,bowl,chair,camera,lamp,Qwen2,1
131044727,existAttrC,blanket,blanket,bread,truck,burger,refrigerator,Qwen2,1
131055856,existAttrC,helmet,helmet,bouquet,highway,artwork,lid,Qwen2,1
141002661,existAttrC,knife,knife,comforter,cabin,bottle,soap,Qwen2,1
141006577,existMaterialC,knife,knife,sculpture,vase,bowl,pencil,Qwen2,1
141006864,existAttrC,table,table,sea,elephant,airplane,fireplace,Qwen2,1
141014468,existAttrC,bottle,bottle,zoo,sand,ball,blender,Qwen2,1
141014508,existAttrC,fork,fork,bookshelf,watch,cart,sand,Qwen2,1
141014523,existMaterialC,fork,fork,ornament,box,cooker,microphone,Qwen2,1
161020590,existAttrC,airplane,airplane,package,floor,train,ring,Qwen2,1
161052332,existAttrNotC,pouch,pouch,cabin,apron,elephant,bell,Qwen2,1
171058307,existMaterialC,tablecloth,tablecloth,shirt,skirt,tie,flower,Qwen2,1
171058361,existAttrC,fork,fork,bell,cereal,sculpture,counter,Qwen2,1
181041803,existAttrC,cat,cat,couch,lemon,keyboard,cow,Qwen2,1
191005610,existAttrC,table,table,ship,cart,tractor,tent,Qwen2,1
191021415,existAttrC,clock,clock,sand,house,bottle,boot,Qwen2,1
191038665,existMaterialC,knife,knife,bridge,basket,sword,brush,Qwen2,1
191042656,existAttrC,fence,fence,van,chicken,cage,cabin,Qwen2,1
