noun,sense,replacement,marked,notes
window,window.n.01,,,
tree,tree.n.01,,,
man,man.n.01,,,
shirt,shirt.n.01,,,
wall,wall.n.01,,,
building,building.n.01,,,
person,person.n.01,,1,
ground,land.n.04,,1,no good hypernym available
sky,sky.n.01,,1,ngha
leg,leg.n.01,,3,bp; also v ambiguous
leaf,leaf.n.01,,,
sign,sign.n.01,sign.n.04,,
hand,hand.n.01,,3,body part (bp)
head,head.n.01,,3,bp
pole,pole.n.01,,,
grass,grass.n.01,,1,ngha
hair,hair.n.01,,3,bp
car,car.n.01,,,
ear,ear.n.01,,3,bp
eye,eye.n.01,,3,bp
woman,woman.n.01,,,
cloud,cloud.n.01,,,
table,table.n.01,table.n.02,,
shoe,shoe.n.01,,,
wheel,wheel.n.01,,,
door,door.n.01,,,
pant,pant.n.01,,,
letter,letter.n.01,,2,can be multiple things
people,people.n.01,,1,ngha
flower,flower.n.01,,,
water,water.n.01,,,
chair,chair.n.01,,,
glass,glass.n.01,,,
fence,fence.n.01,,,
arm,arm.n.01,,3,bp
number,number.n.01,,1,
nose,nose.n.01,,3,bp
floor,floor.n.01,,,
rock,rock.n.01,,,
jacket,jacket.n.01,,,
hat,hat.n.01,,,
tail,tail.n.01,,,
plate,home_plate.n.01,plate.n.04,2,could also depend on context
foot,foot.n.01,,3,bp
face,face.n.01,,3,bp
bush,shrub.n.01,,,
short,short.n.01,,1,
road,road.n.01,,,
bag,bag.n.01,,,
sidewalk,sidewalk.n.01,,,
helmet,helmet.n.01,,,
tire,tire.n.01,,,
snow,snow.n.01,snow.n.02,1,ngha
boy,male_child.n.01,,,
logo,logo.n.01,,1,
roof,roof.n.01,,,
umbrella,umbrella.n.01,,,
bottle,bottle.n.01,,,
boat,boat.n.01,,,
plant,plant.n.01,plant.n.02,,
street,street.n.01,,1,
branch,branch.n.01,branch.n.02,,assuming branch of a tree
post,post.n.01,post.n.04,2,ambiguous: can also be post.n.08 or post.n.09
jean,jean.n.01,,,
mouth,mouth.n.01,,3,bp
cap,cap.n.01,,,
bird,bird.n.01,,,
banana,banana.n.01,banana.n.02,,
girl,girl.n.01,,,
box,box.n.01,,,
mirror,mirror.n.01,,,
bench,bench.n.01,,,
field,field.n.01,,,
picture,picture.n.01,picture.n.05,,
pillow,pillow.n.01,,,
book,book.n.01,,,
glove,baseball_glove.n.01,,,
shelf,shelf.n.01,,,
dirt,soil.n.02,,1,ngha
clock,clock.n.01,,,
bowl,bowl.n.01,,,
neck,neck.n.01,,3,bp
trunk,trunk.n.01,,,
horse,horse.n.01,,,
wing,wing.n.01,,,
bus,bus.n.01,,,
food,food.n.01,,,
train,train.n.01,,,
paper,paper.n.01,,,
kite,kite.n.01,,,
sock,sock.n.01,,,
airplane,airplane.n.01,,,
elephant,elephant.n.01,,,
house,house.n.01,,,
lamp,lamp.n.01,,,
coat,coat.n.01,,,
cabinet,cabinet.n.01,,,
cup,cup.n.01,,,
cow,cow.n.01,,,
dog,dog.n.01,,,
finger,finger.n.01,,,
wire,wire.n.01,,,
giraffe,giraffe.n.01,,,
word,word.n.01,,1,ngha
flag,flag.n.01,,,
mountain,mountain.n.01,,,
seat,seat.n.01,,,
counter,counter.n.01,,,
sheep,sheep.n.01,,,
street_light,NF,streetlight.n.01,,
ski,ski.n.01,,,
zebra,zebra.n.01,,,
hill,hill.n.01,,,
truck,truck.n.01,,,
bike,motorcycle.n.01,,,
child,child.n.01,,,
ball,ball.n.01,,,
racket,racket.n.01,,,
skateboard,skateboard.n.01,,,
ceiling,ceiling.n.01,,,
player,player.n.01,,,
motorcycle,motorcycle.n.01,,,
surfboard,surfboard.n.01,,,
towel,towel.n.01,,,
container,container.n.01,,,
sand,sand.n.01,,,
paw,paw.n.01,,,
frame,frame.n.01,,,
curtain,curtain.n.01,,,
windshield,windshield.n.01,,,
horn,horn.n.01,,,
cat,cat.n.01,,,
boot,boot.n.01,,,
bed,bed.n.01,,,
animal,animal.n.01,,1,too hypernymy already
sink,sink.n.01,,,
donut,doughnut.n.02,,,
tie,necktie.n.01,,,
traffic_light,traffic_light.n.01,,,
pizza,pizza.n.01,,,
stone,rock.n.01,,,
sticker,spine.n.03,,,
orange,orange.n.01,,,
backpack,backpack.n.01,,,
apple,apple.n.01,,,
basket,basket.n.01,,,
collar,collar.n.01,,,
drawer,drawer.n.01,,,
lid,eyelid.n.01,lid.n.02,,
vase,vase.n.01,,,
cord,cord.n.01,,,
pot,pot.n.01,,,
phone,telephone.n.01,,,
fork,fork.n.01,,,
uniform,uniform.n.01,,,
vehicle,vehicle.n.01,,,
laptop,laptop.n.01,,,
fruit,fruit.n.01,,,
lady,lady.n.01,,,
tomato,tomato.n.01,,,
bear,bear.n.01,,,
mane,mane.n.01,,1,
license_plate,license_plate.n.01,,,
cheese,cheese.n.01,,,
tag,tag.n.01,,1,
fur,fur.n.01,,,
carrot,carrot.n.01,,,
beach,beach.n.01,,,
tower,tower.n.01,,,
vegetable,vegetable.n.01,,,
wrist,wrist.n.01,,3,bp
desk,desk.n.01,,,
cone,cone.n.01,,,
knife,knife.n.01,,,
napkin,napkin.n.01,,,
toilet,toilet.n.01,,,
dress,dress.n.01,,,
blanket,blanket.n.01,,,
faucet,faucet.n.01,,,
screen,screen.n.01,,,
keyboard,keyboard.n.01,,,
cell_phone,cell_phone.v.01,,,
watch,watch.n.01,,,
arrow,arrow.n.01,,,
bicycle,bicycle.n.01,,,
sneaker,gym_shoe.n.01,,,
broccoli,broccoli.n.01,broccoli.n.02,,
guy,guy.n.01,,,
ocean,ocean.n.01,,,
t-shirt,jersey.n.03,,,
pipe,pipe.n.01,,,
spot,topographic_point.n.01,,1,
cake,cake.n.01,,,
bread,bread.n.01,,,
sweater,sweater.n.01,,,
stick,stick.n.01,,,
room,room.n.01,,,
couch,sofa.n.01,,,
frisbee,frisbee.n.01,,,
camera,camera.n.01,,,
air,air.n.01,,1,
step,measure.n.01,,1,
trash_can,ashcan.n.01,,,
paint,paint.n.01,,,
rope,rope.n.01,,,
tray,tray.n.01,,,
tile,tile.n.01,,,
belt,belt.n.01,,,
bat,bat.n.01,,1,ambiguous
television,television.n.01,television.n.03,,
suit,suit.n.01,,,
spoon,spoon.n.01,,,
bathroom,bathroom.n.01,,,
pepper,pepper.n.01,,,
candle,candle.n.01,,,
onion,onion.n.01,,,
sauce,sauce.n.01,,,
ring,ring.n.01,,,
meat,meat.n.01,,,
brick,brick.n.01,,,
van,avant-garde.n.01,van.n.04,,
vest,vest.n.01,,,
computer,computer.n.01,,,
bridge,bridge.n.01,,,
goggles,goggles.n.01,,,
gravel,gravel.n.01,,,
platform,platform.n.01,,,
label,label.n.01,,,
chain,chain.n.01,chain.n.03,1,can also be chain.n.10
pavement,pavement.n.01,,,
beak,beak.n.01,,,
refrigerator,refrigerator.n.01,,,
wetsuit,NF,wet_suit.n.01,,
balcony,balcony.n.01,,,
carpet,rug.n.01,,,
tree_trunk,trunk.n.01,,,
skirt,skirt.n.01,,,
suitcase,bag.n.06,,,
palm_tree,palm.n.03,,,
fire_hydrant,fireplug.n.01,,,
pocket,pocket.n.01,,,
spectator,spectator.n.01,,,
kitchen,kitchen.n.01,,,
jersey,new_jersey.n.01,jersey.n.03,,
dish,dish.n.01,,,
remote_control,remote_control.n.01,,,
can,can.n.01,,,
shore,shore.n.01,,,
rug,rug.n.01,,,
outlet,mercantile_establishment.n.01,,,
star,star.n.01,,,
computer_mouse,mouse.n.04,,,
bracelet,watchband.n.01,,,
clothes,apparel.n.01,,,
street_sign,street_sign.n.01,,,
snowboard,snowboard.n.01,,,
net,internet.n.01,net.n.06,1,can also be net.n.02 or net.n.05
stair,step.n.04,,,
scarf,scarf.n.01,,,
gate,gate.n.01,,,
graffiti,graffito.n.01,,,
purse,bag.n.04,,,
luggage,baggage.n.01,,,
beard,beard.n.01,,,
log,log.n.01,,1,"contextual, going with one def interpretation"
necklace,necklace.n.01,,,
sandwich,sandwich.n.01,,,
wristband,wristband.n.01,,,
parking_lot,parking_lot.n.01,,,
park,park.n.01,,,
blind,blind.n.01,,,
train_tracks,NF,track.n.09,1,ngha
statue,statue.n.01,,1,
sun,sun.n.01,,1,ngha
speaker,speaker.n.01,speaker.n.02,1,contextual
wine,wine.n.01,,,
doorway,doorway.n.01,,,
sandal,sandal.n.01,,,
path,way.n.05,,,
skier,skier.n.01,,,
teeth,dentition.n.02,,3,bp
men,work_force.n.01,man.n.01,,
monitor,proctor.n.01,computer_monitor.n.01,,
crust,crust.n.01,,,
stove,stove.n.01,,,
cable,cable.n.01,,,
weed,weed.n.01,,,
chimney,chimney.n.01,,,
pen,pen.n.01,,,
topping,topping.n.01,,,
jar,jar.n.01,,,
feather,feather.n.01,,,
home_plate,home_plate.n.01,,,
fan,fan.n.01,,,
tent,tent.n.01,,,
cart,cart.n.01,,,
catcher,catcher.n.01,,,
trash,rubbish.n.01,,,
outfit,outfit.n.01,,,
painting,painting.n.01,,,
forest,forest.n.01,,,
bathtub,bathtub.n.01,,,
eye_glasses,NF,eyeglasses.n.01,,
decoration,decoration.n.01,,,
countertop,countertop.n.01,,,
oven,oven.n.01,,,
earring,earring.n.01,,,
pine_tree,pine.n.01,,,
lettuce,boodle.n.01,,,
city,city.n.01,,,
walkway,walk.n.05,,,
sheet,sheet.n.01,,,
olive,olive.n.01,,,
dock,dock.n.01,,,
pan,pan.n.01,,,
cockpit,cockpit.n.01,,,
bun,bun.n.01,,,
poster,poster.n.01,,,
light_switch,NF,switch.n.01,,
hot_dog,hotdog.n.01,,,
frosting,frosting.n.01,,,
bucket,bucket.n.01,,,
controller,accountant.n.01,,1,
lip,lip.n.01,,3,bp
pepperoni,pepperoni.n.01,,,
crowd,crowd.n.01,,,
thumb,thumb.n.01,,3,bp
propeller,propeller.n.01,,,
symbol,symbol.n.01,,1,
liquid,liquid.n.01,,,
tablecloth,tablecloth.n.01,,,
store,shop.n.01,,,
mushroom,mushroom.n.01,mushroom.n.05,,
runway,track.n.09,,,
train_car,NF,railcar.n.01,,
potato,potato.n.01,,,
teddy_bear,teddy.n.01,,,
baby,baby.n.01,,,
microwave,microwave.n.01,,,
headband,headband.n.01,,,
utensil,utensil.n.01,,,
headboard,headboard.n.01,,,
straw,straw.n.01,,,
stop_sign,NF,stop_sign.n.01,,wn2
skin,skin.n.01,,,
egg,egg.n.01,,,
display,display.n.01,,,
couple,couple.n.01,,,
ladder,ladder.n.01,,,
sprinkle,scattering.n.03,,1,
power_lines,power_line.n.01,,,
tennis_ball,tennis_ball.n.01,,,
toy,plaything.n.01,,,
burner,burner.n.01,burner.n.02,,
grill,grillroom.n.01,grill.n.02,,
umpire,umpire.n.01,,,
brush,brush.n.01,,,
tongue,tongue.n.01,,,
game,game.n.01,,,
smoke,smoke.n.01,,,
canopy,canopy.n.01,,,
grape,grape.n.01,,,
magnet,magnet.n.01,,,
river,river.n.01,,,
taxi,cab.n.03,,,
chicken,chicken.n.01,,,
drain,drain.n.01,,,
mask,mask.n.01,,,
american_flag,american_flag.n.01,,,
mug,mug.n.01,,,
strawberry,strawberry.n.01,,,
batter,batter.n.01,,,
wine_glass,NF,wineglass.n.01,,
suv,sport_utility.n.01,,,
tank_top,tank_top.n.01,,,
scissors,scissors.n.01,,,
barrier,barrier.n.01,,,
planter,planter.n.01,planter.n.03,,
drink,drink.n.01,drink.n.03,,
cross,cross.n.01,,,
duck,duck.n.01,,,
baseball,baseball.n.01,,,
mat,mat.n.01,,,
telephone_pole,telephone_pole.n.01,,,
crosswalk,crossing.n.05,,,
toilet_paper,toilet_tissue.n.01,,,
hay,hay.n.01,,,
twig,branchlet.n.01,,,
tape,tape.n.01,,,
hillside,hillside.n.01,,,
surfer,surfer.n.01,,,
station,station.n.01,,,
passenger,passenger.n.01,,,
mustache,mustache.n.01,,,
pond,pond.n.01,,,
heart,heart.n.01,,3,bp; can also be the shape
sofa,sofa.n.01,,,
balloon,balloon.n.01,,,
crate,crate.n.01,,,
toothbrush,toothbrush.n.01,,,
pitcher,pitcher.n.01,,,could also be a pitcher for liquids?
rose,rose.n.01,,,
spice,spice.n.01,,,
baseball_bat,baseball_bat.n.01,,,
moss,moss.n.01,,,
apron,apron.n.01,,,
airport,airport.n.01,,,
light_bulb,light_bulb.n.01,,,
lemon,lemon.n.01,,,
cupcake,cupcake.n.01,,,
magazine,magazine.n.01,,,
light_fixture,NF,light_fixture.n.01,,wn2
bookshelf,bookshelf.n.01,,,
fence_post,NF,,1,
hose,hosiery.n.01,hose.n.03,,
power_line,power_line.n.01,,,
icing,frost.n.03,,,
fireplace,fireplace.n.01,,,
nightstand,NF,,,manual
hook,hook.n.01,,,
antenna,antenna.n.01,,,
beer,beer.n.01,,,
comforter,sympathizer.n.01,,,
lake,lake.n.01,,,
fry,fry.n.01,,1,
coffee_table,coffee_table.n.01,,,
sweatshirt,sweatshirt.n.01,,,
shower,shower.n.01,,,
jet,jet.n.01,,,
water_bottle,water_bottle.n.01,,,
entrance,entrance.n.01,,,
driver,driver.n.01,,,
soap,soap.n.01,,,
sail,sail.n.01,,,
buoy,buoy.n.01,,,
hedge,hedge.n.01,,,
salad,salad.n.01,,,
cupboard,cupboard.n.01,,,
paddle,paddle.n.01,,,
mound,mound.n.01,,,
tree_branch,limb.n.02,,,
drawing,drawing.n.01,,,
pine_trees,pine.n.01,,,
bell,bell.n.01,,,
seed,seed.n.01,,,
cucumber,cucumber.n.01,,,
goat,goat.n.01,,,
palm_trees,palm.n.03,,,
parking_meter,parking_meter.n.01,,,
rice,rice.n.01,,,
sausage,sausage.n.01,,,
tissue,tissue.n.01,,,
ketchup,catsup.n.01,,,
puddle,puddle.n.01,,,
dispenser,dispenser.n.01,,,
dome,dome.n.01,,,
pedestrian,pedestrian.n.01,,,
pastry,pastry.n.01,,,
lawn,lawn.n.01,,,
blouse,blouse.n.01,,,
ice,ice.n.01,,,
living_room,living_room.n.01,,,
card,card.n.01,,,
menu,menu.n.01,,,
deck,deck.n.01,,,
restaurant,restaurant.n.01,,,
candy,candy.n.01,,,
bacon,bacon.n.01,,,
saucer,disk.n.01,,,
roll,axial_rotation.n.01,roll.n.07,,
lock,lock.n.01,,,
machine,machine.n.01,,1,too hypernymy already
yard,yard.n.01,,,
trailer,dawdler.n.01,trailer.n.04,,
zoo,menagerie.n.02,,,
toilet_seat,toilet_seat.n.01,,,
spinach,spinach.n.01,,,
nut,nut.n.01,,,
crane,crane.n.01,crane.n.04,1,"can also be the bird, crane.n.05"
coffee,coffee.n.01,,,
bubble,bubble.n.01,,,
juice,juice.n.01,,,
bedroom,bedroom.n.01,,,
marker,marker.n.01,,,
mud,mud.n.01,,,
berry,berry.n.01,,,
intersection,intersection.n.01,,,
cooler,cooler.n.01,,,
stuffed_animal,NF,,4,toy
mouse_pad,NF,mousepad.n.01,,
crumb,crumb.n.01,,,
wool,wool.n.01,,,
cabinet_door,NF,,1,
dugout,dugout.n.01,,,
mustard,mustard.n.01,,,
pigeon,pigeon.n.01,,,
newspaper,newspaper.n.01,,,
skateboarder,skateboarder.n.01,,,
wii_controller,NF,,4,toy
lamp_shade,lampshade.n.01,,,
computer_monitor,computer_monitor.n.01,,,
dresser,chest_of_drawers.n.01,,,
wine_bottle,wine_bottle.n.01,,,
traffic_sign,NF,traffic_signal.n.01,,
clock_tower,clock_tower.n.01,,,
cutting_board,chopping_board.n.01,,,
placemat,NF,table_mat.n.01,,
stroller,saunterer.n.01,stroller.n.01,,
chocolate,cocoa.n.01,chocolate.n.02,,
staircase,stairway.n.01,,,
headphone,earphone.n.01,,,
ski_lift,ski_tow.n.01,,,
fish,fish.n.01,,,
coffee_cup,coffee_cup.n.01,,,
dishwasher,dishwasher.n.01,,,
scooter,water_scooter.n.01,scooter.n.03,,
waist,waist.n.01,,,
character,fictional_character.n.01,,1,
silverware,silverware.n.01,,,
bleacher,bleacher.n.01,,,
figurine,figurine.n.01,,,
figure,figure.n.01,,,
shop,shop.n.01,,,
steering_wheel,steering_wheel.n.01,,,
pillar,pillar.n.01,,,
bean,bean.n.01,,,
microphone,microphone.n.01,,,
lamb,lamb.n.01,,,
flower_pot,NF,flowerpot.n.01,,
sailboat,sailboat.n.01,,,
snowsuit,snowsuit.n.01,,,
porch,porch.n.01,,,
bus_stop,bus_stop.n.01,,,
artwork,artwork.n.01,,,
tree_branches,limb.n.02,,,
train_station,railway_station.n.01,,,
cage,cage.n.01,,,
dessert,dessert.n.01,,,
locomotive,locomotive.n.01,,,
carriage,passenger_car.n.01,,,
vine,vine.n.01,,,
cream,cream.n.01,,,
bedspread,bedspread.n.01,,,
drape,curtain.n.01,,,
island,island.n.01,,,
traffic_lights,traffic_light.n.01,,,
barn,barn.n.01,,,
ham,ham.n.01,,,
ship,ship.n.01,,,
pumpkin,pumpkin.n.01,pumpkin.n.02,,
skyscraper,skyscraper.n.01,,,
ornament,decoration.n.01,,,
wristwatch,wristwatch.n.01,,,
pea,pea.n.01,,,
doll,doll.n.01,,,
seagull,gull.n.02,,,
corn,corn.n.01,corn.n.03,,
bandana,bandanna.n.01,,,
policeman,policeman.n.01,,,
urinal,urinal.n.01,,,
heel,heel.n.01,,,
street_lights,NF,streetlight.n.01,,
kettle,kettle.n.01,,,
device,device.n.01,,,
basil,basil.n.01,,,
tool,tool.n.01,,,
cd,cadmium.n.01,compact_disc.n.01,,
skate_park,NF,,1,
snowboarder,snowboarder.n.01,,,
toilet_bowl,toilet_bowl.n.01,,,
blender,blender.n.01,,,
sculpture,sculpture.n.01,,,
soda,sodium_carbonate.n.01,soda.n.02,,
cabin,cabin.n.01,,,
pineapple,pineapple.n.01,pineapple.n.02,,
stuffed_bear,NF,,1,
cookie,cookie.n.01,,,
cherry,cherry.n.01,,,
blueberry,blueberry.n.01,,,
church,church.n.01,,,
knee_pad,knee_pad.n.01,,,
sea,sea.n.01,,,
package,package.n.01,,,
air_conditioner,air_conditioner.n.01,,,
garage,garage.n.01,,,
beverage,beverage.n.01,,,
pasture,pasture.n.01,,,
swimsuit,swimsuit.n.01,,,
spatula,spatula.n.01,,,
handbag,bag.n.04,,,
bookcase,bookcase.n.01,,,
bull,bull.n.01,,,
soup,soup.n.01,,,
coffee_maker,coffee_maker.n.01,,,
family,family.n.01,,1,
herb,herb.n.01,,,
canoe,canoe.n.01,,,
patio,patio.n.01,,,
picture_frame,picture_frame.n.01,,,
chandelier,chandelier.n.01,,,
canister,case_shot.n.01,canister.n.02,,
wallpaper,wallpaper.n.01,,,
milk,milk.n.01,,,
stump,stump.n.01,,,
soccer_ball,soccer_ball.n.01,,,
cigarette,cigarette.n.01,,,
foil,foil.n.01,,,
tunnel,tunnel.n.01,,,
toaster,toaster.n.01,,,
butter,butter.n.01,,,
flip_flops,NF,flip-flop.n.02,,
cliff,cliff.n.01,,,
pencil,pencil.n.01,,,
coffee_mug,coffee_mug.n.01,,,
swimming_pool,swimming_pool.n.01,,,
seaweed,seaweed.n.01,,,
noodle,noodle.n.01,,,
bikini,bikini.n.01,,,
life_jacket,life_jacket.n.01,,,
stadium,stadium.n.01,,,
tomato_sauce,tomato_sauce.n.01,,,
railroad,railway.n.01,,,
rain,rain.n.01,,,
sugar,sugar.n.01,,,
pear,pear.n.01,,,
biker,NF,motorcyclist.n.01,,
notebook,notebook.n.01,,,
garden,garden.n.01,,,
audience,audience.n.01,,,
bouquet,bouquet.n.01,,,
highway,highway.n.01,,,
steam,steam.n.01,,,
guitar,guitar.n.01,,,
end_table,NF,coffee_table.n.01,,
meal,meal.n.01,,,
picnic_table,NF,,,manual
wii,NF,,,manual
flip_flop,NF,flip-flop.n.02,,
salt_shaker,saltshaker.n.01,,,
platter,platter.n.01,,,
shoe_lace,shoelace.n.01,,,
pasta,pasta.n.01,,,
ceiling_light,NF,,,manual
aircraft,aircraft.n.01,,,
shower_curtain,shower_curtain.n.01,,,
paper_towels,paper_towel.n.01,,,
chopstick,chopstick.n.01,,,
snow_pants,NF,,,manual
peach,peach.n.01,,,
ottoman,ottoman.n.01,,,
hour_hand,hour_hand.n.01,,1,
radiator,radiator.n.01,,,
watermelon,watermelon.n.01,,,
mattress,mattress.n.01,,,
cabbage,cabbage.n.01,,,
roadway,roadway.n.01,,,
market,market.n.01,,,
folding_chair,folding_chair.n.01,,,
map,map.n.01,,1,
calf,calf.n.01,,2,ambiguous
bead,bead.n.01,,,
knee_pads,knee_pad.n.01,,,
mailbox,mailbox.n.01,,,
costume,costume.n.01,,,
cowboy_hat,cowboy_hat.n.01,,,
manhole_cover,manhole_cover.n.01,,,
officer,military_officer.n.01,,,
office,office.n.01,,,
tree_leaves,NF,leaf.n.01,,
pilot,pilot.n.01,,,
worker,worker.n.01,,1,
minute_hand,minute_hand.n.01,,1,
candle_holder,candlestick.n.01,,,
printer,printer.n.01,,,
shelter,shelter.n.01,,,
herd,herd.n.01,,,
pizza_slice,NF,pizza.n.01,,
cauliflower,cauliflower.n.01,cauliflower.n.02,,
squash,squash.n.01,squash.n.02,,
celery,celery.n.01,,,
robe,robe.n.01,,,
jeep,jeep.n.01,,,
match,match.n.01,,1,
butterfly,butterfly.n.01,,,
face_mask,face_mask.n.01,,,
fountain,fountain.n.01,,,
lighthouse,beacon.n.03,,,
polo_shirt,polo_shirt.n.01,,,
toilet_tank,NF,,1,
door_frame,NF,,1,
crown,crown.n.01,,,
produce,produce.n.01,,,
shrimp,runt.n.01,shrimp.n.02,,
sign_post,NF,,1,
hallway,hallway.n.01,,,
town,town.n.01,,,
undershirt,singlet.n.01,,,
wildflower,wildflower.n.01,,,
name_tag,name_tag.n.01,,,
powdered_sugar,powdered_sugar.n.01,,,
soap_dispenser,soap_dispenser.n.01,,,
garage_door,NF,,,manual
appliance,appliance.n.01,,1,too hypernymy already
roadside,wayside.n.01,,1,
side_table,NF,,,manual
garland,garland.n.01,,,
blazer,blazer.n.01,,,
binder,binder.n.01,binder.n.03,,
harbor,seaport.n.01,,,
pepper_shaker,pepper_shaker.n.01,,,
briefcase,briefcase.n.01,,,
legging,legging.n.01,,,
avocado,avocado.n.01,,,
dough,dough.n.01,,,
bagel,bagel.n.01,,,
muffin,muffin.n.01,,,
dress_shirt,dress_shirt.n.01,,,
toilet_lid,NF,,1,
smoke_stack,NF,,1,
soap_dish,soap_dish.n.01,,,
beer_bottle,beer_bottle.n.01,,,
toast,toast.n.01,,,
mannequin,mannequin.n.01,,,
salt,salt.n.01,,,
wagon,wagon.n.01,,,
paper_towel,paper_towel.n.01,,,
ice_cream,ice_cream.n.01,,,
vas,vessel.n.01,,,
pancake,pancake.n.01,,,
satellite_dish,NF,,1,
toothpaste,toothpaste.n.01,,,
athletic_shoe,NF,,,manual
game_controller,NF,,,manual
fog,fog.n.01,,,
elbow_pad,elbow_pad.n.01,,,
fire_extinguisher,fire_extinguisher.n.01,,,
apple_logo,NF,,,manual
mozzarella,mozzarella.n.01,,,
team,team.n.01,,,
garnish,garnish.n.01,,,
cooky,cookie.n.02,,1,
stage,phase.n.01,stage.n.03,,
tongs,tongs.n.01,,,
lime,calcium_hydroxide.n.01,lime.n.06,,
safety_jacket,NF,,,manual
glaze,glaze.n.01,,,
floor_lamp,floor_lamp.n.01,,,
feeder,feeder.n.01,,,
window_frame,window_frame.n.01,,,
dvd,videodisk.n.01,,,
clock_hand,NF,,1,
shield,shield.n.01,,,
shopping_bag,shopping_bag.n.01,,,
beach_chair,deck_chair.n.01,,,
fire,fire.n.01,,1,
boulder,boulder.n.01,,,
photographer,photographer.n.01,,,
oil,oil.n.01,,,
wallet,wallet.n.01,,,
sack,sack.n.01,,,
oven_door,NF,,1,
cyclist,cyclist.n.01,,,
minivan,minivan.n.01,,,
moon,moon.n.01,,1,
closet,cupboard.n.01,,,
radio,radio.n.01,,,
cactus,cactus.n.01,,,
toiletry,toiletry.n.01,,,
heater,heater.n.01,,,
parking_sign,NF,,,manual
lipstick,lipstick.n.01,,,
coke,coke.n.01,coke.n.03,,
goal,goal.n.01,,1,
goose,goose.n.01,,,
entertainment_center,entertainment_center.n.01,,1,
banana_bunch,NF,,1,
soda_can,soda_can.n.01,,,
hotel,hotel.n.01,,,
cereal,cereal.n.01,,,
powder,powder.n.01,,1,
swan,swan.n.01,,,
mother,mother.n.01,,1,
charger,charger.n.01,charger.n.02,,
pie,pie.n.01,,,
ipod,ipod.n.01,,,
flamingo,flamingo.n.01,,,
skater,skater.n.01,,,
butter_knife,butter_knife.n.01,,,
packet,package.n.01,,,
parsley,parsley.n.01,parsley.n.02,,
blossom,flower.n.02,,1,
cane,cane.n.01,,,
gravy,gravy.n.01,,,
dumpster,dumpster.n.01,,,
coffee_pot,NF,,,manual
deer,deer.n.01,,,
scaffolding,scaffolding.n.01,,1,
beef,beef.n.01,beef.n.02,,
flour,flour.n.01,,,
sponge,sponge.n.01,,,
monkey,monkey.n.01,,,
alarm_clock,alarm_clock.n.01,,,
kiwi,chinese_gooseberry.n.01,kiwi.n.03,,
castle,palace.n.01,,,
tv_stand,NF,,1,
asparagus,asparagus.n.01,asparagus.n.02,,
melon,melon.n.01,,,
tea,tea.n.01,,,
terminal,terminal.n.01,,1,
tangerine,tangerine.n.01,tangerine.n.02,,
video_game,computer_game.n.01,,,
dvd_player,NF,cd_player.n.01,,
jockey,jockey.n.01,,1,
trash_bag,NF,,,manual
polar_bear,ice_bear.n.01,,,
piano,piano.n.01,,,
burger,burger.n.01,,,
lion,lion.n.01,lion.n.03,,
gun,gun.n.01,,,
tea_kettle,NF,kettle.n.01,,
armchair,armchair.n.01,,,
apartment_building,apartment_building.n.01,,,
pump,pump.n.01,,,
rooftop,rooftop.n.01,,,
home,home.n.01,,,
cracker,cracker.n.01,,,
life_preserver,life_preserver.n.01,,,
wine_glasses,NF,wineglass.n.01,,
chef,chef.n.01,,,
control_panel,control_panel.n.01,,1,
syrup,syrup.n.01,,,
light_bulbs,light_bulb.n.01,,,
price_tag,price_tag.n.01,,,
whipped_cream,whipped_cream.n.01,,,
tablet,tablet.n.01,,,
soldier,soldier.n.01,,,
sunflower,sunflower.n.01,,,
dressing,dressing.n.01,,,
garlic,garlic.n.01,,,
water_glass,soluble_glass.n.01,water_glass.n.02,,
stuffed_animals,NF,,4,toy?
dryer,dryer.n.01,,,
tissue_box,NF,,1,
toilet_brush,NF,bristle_brush.n.01,,
antelope,antelope.n.01,,,
jumpsuit,jump_suit.n.01,,,
broom,broom.n.01,,,
fire_truck,fire_engine.n.01,,,
turbine,turbine.n.01,,,
pickle,pickle.n.01,,,
snack,bite.n.04,,,
envelope,envelope.n.01,,,
tourist,tourist.n.01,,,
raspberry,raspberry.n.01,,,
sunglass,sunglass.n.01,,,
tractor,tractor.n.01,,,
console,console_table.n.01,,2,ambiguous
gas_station,gasoline_station.n.01,,1,
keypad,computer_keyboard.n.01,,,
cloth,fabric.n.01,,1,
dinner,dinner.n.01,,1,
cabinet_doors,NF,,1,
wine_bottles,wine_bottle.n.01,,,
mixer,sociable.n.01,mixer.n.04,,
zucchini,zucchini.n.01,zucchini.n.02,,
kitten,kitten.n.01,,,
mango,mango.n.01,mango.n.02,,
raisin,raisin.n.01,,,
dip,dip.n.01,dip.n.04,,
pajama,pajama.n.01,,,
apartment,apartment.n.01,,,
breakfast,breakfast.n.01,,,
blood,blood.n.01,,,
coach,coach.n.01,,,
plain,plain.n.01,,,
biscuit,biscuit.n.01,,,
drum,drum.n.01,,,
brownie,brownie.n.01,,,
notepad,notepad.n.01,,,
lunch,lunch.n.01,,1,
shower_door,NF,,,manual
croissant,crescent_roll.n.01,,,
dinosaur,dinosaur.n.01,,1,
student,student.n.01,,,
steak,steak.n.01,,,
pillowcase,case.n.19,,1,
ladle,ladle.n.01,,,
parachute,parachute.n.01,,,
hot_dogs,hotdog.n.01,,,
dining_table,dining_table.n.01,,,
sea_foam,NF,,1,
table_lamp,table_lamp.n.01,,,
daisy,daisy.n.01,,,
bone,bone.n.01,,,
comb,comb.n.01,,,
office_chair,NF,,,manual
meadow,hayfield.n.01,,1,
bus_driver,busman.n.01,,,
hamburger,hamburger.n.01,,,
farm,farm.n.01,,,
baseball_players,ballplayer.n.01,,,
cooker,cooker.n.01,,,
coconut,coconut.n.01,,,
baseball_mitt,baseball_glove.n.01,,,
battery,battery.n.01,,,
toddler,toddler.n.01,,1,
bandage,bandage.n.01,,,
soda_bottle,pop_bottle.n.01,,,
bar_stool,NF,,,manual
gas_stove,gas_range.n.01,,,
customer,customer.n.01,,1,
touchpad,NF,,1,
courtyard,court.n.10,,1,
luggage_cart,NF,,1,
tea_pot,NF,teapot.n.01,,
athlete,athlete.n.01,,,
desert,desert.n.01,,,
cowboy,cowboy.n.01,,,
dragon,dragon.n.01,,1,
pizza_crust,NF,,1,
flame,fire.n.03,,1,
hilltop,hilltop.n.01,,1,
panda,giant_panda.n.01,,,
stapler,stapler.n.01,,,
eggplant,eggplant.n.01,,,
bottle_cap,NF,,1,
dining_room,dining_room.n.01,,,
chili,chili.n.01,,,
desk_lamp,NF,,,manual
bedding,bedclothes.n.01,bedding.n.01,,
pouch,pouch.n.01,,,
receipt,reception.n.04,receipt.n.02,,
wheelchair,wheelchair.n.01,,,
peanut,peanut.n.01,,,
puppy,puppy.n.01,,,
projector,projector.n.01,,,
teddy_bears,teddy.n.01,,4,toy
tattoo,tattoo.n.01,,1,
ketchup_bottle,catsup_bottle.n.01,,,
spray_bottle,NF,,1,
owl,owl.n.01,,,
cooking_utensils,cooking_utensil.n.01,,1,
ostrich,ostrich.n.01,ostrich.n.02,,
tortilla,tortilla.n.01,,,
turkey,turkey.n.01,,,
hotel_room,hotel_room.n.01,,1,
chalkboard,blackboard.n.01,,,
marina,marina.n.01,,1,
sword,sword.n.01,,,
knife_block,NF,,1,
money,money.n.01,,1,
raincoat,raincoat.n.01,,,
waterfall,waterfall.n.01,,1,
penguin,penguin.n.01,,,
beach_umbrella,NF,,1,
school_bus,school_bus.n.01,,,
pizza_cutter,NF,,,manual
toaster_oven,toaster_oven.n.01,,,
eagle,eagle.n.01,,,
video_camera,NF,,,manual
serving_tray,NF,,,manual
bath_towel,bath_towel.n.01,,,
cafe,cafe.n.01,,1,
kiosk,booth.n.02,,1,
yogurt,yogurt.n.01,,,
macaroni,macaroni.n.01,,,
banana_peel,banana_peel.n.01,,1,
food_truck,NF,,,manual
seal,sealing_wax.n.01,,1,
soccer_player,soccer_player.n.01,,,
christmas_lights,NF,,,manual
electric_toothbrush,electric_toothbrush.n.01,,,
employee,employee.n.01,,1,
coin,coin.n.01,,,
almond,almond.n.01,,,
gentleman,gentleman.n.01,,,
rib,rib.n.01,,3,bp
shampoo,shampoo.n.01,,,
beet,beet.n.01,beet.n.02,,
village,village.n.01,,1,
bunny,bunny.n.01,bunny.n.02,,
christmas_light,NF,,,manual
hangar,airdock.n.01,,1,
donkey,donkey.n.01,,,
tennis_balls,tennis_ball.n.01,,,
shoe_laces,shoelace.n.01,,,
alcohol,alcohol.n.01,,,
skillet,frying_pan.n.01,,,
jewelry,jewelry.n.01,,,
calculator,calculator.n.01,,,
soap_bottle,NF,,,manual
honey,honey.n.01,,,
backyard,backyard.n.01,,,
underwear,underwear.n.01,,,
computer_desk,NF,,,manual
fruit_stand,NF,,1,
parrot,parrot.n.01,,,
garment,garment.n.01,,,
cell_phones,cell_phone.v.01,,,
hair_dryer,hand_blower.n.01,,,
gown,gown.n.01,,,
aquarium,aquarium.n.01,,,
washing_machine,washer.n.03,,,
medicine_cabinet,medicine_chest.n.01,,,
cash_register,cash_register.n.01,,,
waste_basket,wastepaper_basket.n.01,,,
router,router.n.01,router.n.02,,
museum,museum.n.01,,1,
instrument,instrument.n.01,instrument.n.06,,assuming musical instrument
restroom,public_toilet.n.01,,,
peanut_butter,peanut_butter.n.01,,,
earphone,earphone.n.01,,,
video_games,computer_game.n.01,,,
pizza_box,NF,,1,
mashed_potatoes,NF,,,manual
dish_soap,NF,,,manual
bug,bug.n.01,,,
cranberry,cranberry.n.01,,,
gift,gift.n.01,,1,
vending_machine,vending_machine.n.01,,,
sushi,sushi.n.01,,,
tiger,tiger.n.01,tiger.n.02,,
pig,hog.n.03,,,
grapefruit,grapefruit.n.01,,,
walnut,walnut.n.01,,,
gas_pump,gas_pump.n.01,,,
helicopter,helicopter.n.01,,,
diaper,diaper.n.01,,,
sconce,sconce.n.01,,,
ambulance,ambulance.n.01,,,
snow_boots,NF,,,manual
tofu,bean_curd.n.01,,,
chinese_food,NF,,1,
fishing_pole,fishing_rod.n.01,,,
frog,frog.n.01,,,
storage_box,NF,,,manual
classroom,classroom.n.01,,,
football,football.n.01,football.n.02,,contextual -- could be soccer ball too?
toy_car,NF,,4,toy
vendor,seller.n.01,,1,
father,father.n.01,,1,
obstacle,obstacle.n.01,,1,
hurdle,hurdle.n.01,,1,
feta_cheese,NF,,1,
alligator,alligator.n.01,,,
hand_soap,NF,,,manual
potato_chips,chip.n.04,,,
pomegranate,pomegranate.n.01,,,
visitor,visitor.n.01,,1,
onion_ring,NF,,1,
papaya,papaya.n.01,,,
seat_belt,seat_belt.n.01,,1,
dolphin,dolphinfish.n.02,dolphin.n.02,,"wordnet classifies them as whales, which might be true, but no folk taxonomy considers that to be true"
shark,shark.n.01,,,
bird_cage,NF,,,manual
cheese_cube,NF,,,manual
shopper,shopper.n.01,,1,
mountain_peak,mountain_peak.n.01,,1,
merchandise,merchandise.n.01,,1,
engineer,engineer.n.01,,1,
plantain,plantain.n.01,,,
shampoo_bottle,NF,,1,
lego,lego.n.01,,4,toy
stuffed_dog,NF,,4,toy
water_bottles,water_bottle.n.01,,,
mountain_side,NF,,1,
nest,nest.n.01,,,
hammer,hammer.n.01,,,
coffee_bean,coffee_bean.n.01,,,
pretzel,pretzel.n.01,,,
rabbit,rabbit.n.01,,,
artichoke,artichoke.n.01,,,
omelette,omelet.n.01,,,
coleslaw,coleslaw.n.01,,,
rubber_duck,NF,,4,toy
salmon,salmon.n.01,,,
milk_carton,NF,,,manual
rhino,rhinoceros.n.01,,,
remote_controls,remote_control.n.01,,,
grinder,bomber.n.03,grinder.n.03,,
wig,wig.n.01,,,
appetizer,appetizer.n.01,,1,
sugar_packets,NF,,1,
ice_maker,ice_maker.n.01,,,
waffle,waffle.n.01,,,
oak_tree,oak.n.02,,,
temple,temple.n.01,,,
mall,promenade.n.02,,1,
cathedral,cathedral.n.01,,,
bell_tower,bell_tower.n.01,,,
bison,bison.n.01,,,
spear,spear.n.01,,,
whisk,whisk.n.01,,,
library,library.n.01,,,
cheesecake,cheesecake.n.01,,,
egg_yolk,egg_yolk.n.01,,,
sour_cream,sour_cream.n.01,,,
horse_hoof,NF,,1,
mayonnaise,mayonnaise.n.01,,,
scrub_brush,scrub_brush.n.01,,,
olive_oil,olive_oil.n.01,,,
broth,broth.n.01,,,
elevator,elevator.n.01,,,
guacamole,guacamole.n.01,,,
rolling_pin,rolling_pin.n.01,,,
parent,parent.n.01,,,
grater,grater.n.01,,,
factory,factory.n.01,,,
liquor,liquor.n.01,,,
toothpick,toothpick.n.01,,,
lobster,lobster.n.01,,,
baking_sheet,NF,,1,
marshmallow,marshmallow.n.01,,,
microwave_oven,microwave.n.02,,,
ingredient,ingredient.n.01,,1,
beer_can,beer_can.n.01,,,
hippo,hippo.n.01,,,
vacuum,vacuum.n.01,,,
cereal_box,cereal_box.n.01,,,
sweet_potato,sweet_potato.n.01,,,
chef_hat,NF,,,manual
cigar,cigar.n.01,,,
baked_goods,baked_goods.n.01,,1,
alien,foreigner.n.01,,1,
spider,spider.n.01,,,
hard_drive,disk_drive.n.01,,,
ice_cubes,ice_cube.n.01,,,
egg_shell,NF,,1,
shopping_cart,shopping_cart.n.01,,,
plier,plier.n.01,,,
burrito,burrito.n.01,,,
mixing_bowl,mixing_bowl.n.01,,,
cooking_pot,NF,,,manual
hair_clip,NF,,,manual
panda_bear,giant_panda.n.01,,,
eiffel_tower,eiffel_tower.n.01,,1,
cinnamon_roll,cinnamon_roll.n.01,,,
octopus,octopus.n.01,,,
paper_container,NF,,,manual
cat_food,cat_food.n.01,,1,
snake,snake.n.01,,,
mickey_mouse,mickey_mouse.n.01,,1,
salad_dressing,dressing.n.01,,,
pizza_pan,NF,,,manual
soda_cans,soda_can.n.01,,,
mustard_bottle,NF,,1,
ramekin,ramekin.n.01,,,
camel,camel.n.01,,,
meatball,meatball.n.01,,,
accessory,accessory.n.01,,1,
thermometer,thermometer.n.01,,,
onion_rings,NF,,1,
spray_can,aerosol.n.02,,,
paper_dispenser,NF,,1,
cream_cheese,cream_cheese.n.01,,,
kitchen_towel,NF,paper_towel.n.01,,
paint_brush,NF,paintbrush.n.01,,
ear_buds,NF,,1,
toolbox,toolbox.n.01,,,
piercing,pierce.v.01,,1,
squirrel,squirrel.n.01,,,
can_opener,can_opener.n.01,,,
loaf,loaf_of_bread.n.01,,,
pizza_tray,NF,,,manual
pizza_slices,NF,,,manual
desktop_computer,desktop_computer.n.01,,,
pantry,pantry.n.01,,1,
bakery,bakery.n.01,,1,
tuna,tuna.n.01,,,
dumpling,dumpling.n.01,,,
dish_drainer,NF,,1,
seafood,seafood.n.01,,,
baking_pan,NF,,,manual
auditorium,auditorium.n.01,,,
parmesan_cheese,NF,parmesan.n.01,,
orchid,orchid.n.01,,,
blackberry,blackberry.n.01,,,
lily,lily.n.01,,,
trumpet,cornet.n.01,,,
wii_game,NF,,,manual
picnic_tables,NF,,,manual
turtle,turtleneck.n.01,,,
sticky_notes,NF,,1,
daughter,daughter.n.01,,1,
pocket_watch,pocket_watch.n.01,,,
hospital,hospital.n.01,,,
dream_catcher,NF,,1,
bread_box,NF,,1,
pecan,pecan.n.01,,,
baker,baker.n.01,,,
peacock,peacock.n.01,,,
dry-erase_board,NF,,,manual
ice_cube,ice_cube.n.01,,,
food_processor,food_processor.n.01,,,
lounge,sofa.n.01,,,
action_figure,NF,,,manual
snow_shoes,NF,,,manual
hotdog_bun,frankfurter_bun.n.01,,,
bartender,bartender.n.01,,,
champagne,champagne.n.01,,,
cooking_utensil,cooking_utensil.n.01,,,
gadget,appliance.n.01,,1,
rice_cooker,NF,,,manual
wedding,wedding.n.01,,1,
chess_piece,chessman.n.01,,1,
stew,fret.n.01,stew.n.02,,
banana_bunches,NF,,1,
pork,pork.n.01,,,
monster,monster.n.01,,1,
popcorn,popcorn.n.01,,,
milkshake,milkshake.n.01,,,
pasta_salad,pasta_salad.n.01,,,
palace,palace.n.01,,,
lemonade,lemonade.n.01,,,
cotton_candy,cotton_candy.n.01,,,
bomb,bomb.n.01,,1,
napkin_dispenser,NF,,1,
crab,crab.n.01,,,
shaving_cream,shaving_cream.n.01,,,
snow_flakes,NF,,1,
rifle,rifle.n.01,,,
coffee_cups,coffee_cup.n.01,,,
cake_stand,NF,,,manual
fisherman,fisherman.n.01,,,
shuttle,shuttlecock.n.01,,1,
cheetah,cheetah.n.01,,,
picnic,field_day.n.04,,1,
swimmer,swimmer.n.01,,,
flatbread,flatbread.n.01,,,
angry_bird,NF,,4,toy?
pill,pill.n.01,,,
chickpea,chickpea.n.01,,,
sweet_potatoes,NF,sweet_potato.n.02,,
cotton_dessert,NF,,1,
cookie_jar,cookie_jar.n.01,,,
gorilla,gorilla.n.01,,,
stir_fry,stir_fry.v.01,,,
caramel,caramel.n.01,,,
towel_dispenser,NF,,1,
baked_good,NF,,1,
son,son.n.01,,1,
pizza_oven,NF,,,manual
bee,bee.n.01,,,
gummy_bear,NF,,,manual
farmer,farmer.n.01,,,
cookie_dough,NF,,1,
wolf,wolf.n.01,wolf.n.03,,
moose,elk.n.01,,,
casserole,casserole.n.01,,,
pesto,pesto.n.01,,,
chocolate_chips,NF,,1,
waiter,waiter.n.01,,,
utensil_holder,NF,,1,
cinnamon,cinnamon.n.01,,,
beer_cans,beer_can.n.01,,,
coffee_beans,coffee_bean.n.01,,,
poodle,poodle.n.01,,,
office_supplies,NF,,1,
shopping_center,plaza.n.02,,,
theater,theater.n.01,,,
soft_drink,soft_drink.n.01,,,
egg_roll,egg_roll.n.01,,,
hand_dryer,NF,,,manual
orchard,grove.n.02,,,
potato_salad,potato_salad.n.01,,,
chicken_breast,NF,,,manual
robot,automaton.n.02,,,
lobby,anteroom.n.01,,,
bar_stools,NF,,,manual
life_jackets,life_jacket.n.01,,,
gym,gymnasium.n.02,,,
riding_boots,riding_boot.n.01,,,
roast_beef,beef_roast.n.01,,,
grocery,grocery_store.n.01,,,
bird_house,NF,,1,
hairbrush,hairbrush.n.01,,,
cake_pan,NF,,,manual
cemetery,cemetery.n.01,,,
elmo,NF,,4,toy?
lizard,lizard.n.01,,1,
baseball_bats,baseball_bat.n.01,,,
cheeseburger,cheeseburger.n.01,,,
pizza_pie,pizza.n.01,,,
food_container,NF,,,manual
cookbook,cookbook.n.01,,,
dog_food,dog_food.n.01,,,
cafeteria,cafeteria.n.01,,,
school,school.n.01,,,
taco,greaser.n.01,taco.n.02,,
anchovy,anchovy.n.01,,,
mint,batch.n.02,,,
attic,loft.n.02,,,
waitress,waitress.n.01,,,
buffet,buffet.n.01,,,
armor,armor.n.01,,,
whale,giant.n.04,whale.n.02,,
granola,granola.n.01,,,
pub,public_house.n.01,,,
egg_white,egg_white.n.01,,,
soap_dispensers,soap_dispenser.n.01,,,
coral,coral.n.01,,,
beetle,beetle.n.01,,,
french_toast,french_toast.n.01,,,
smoothie,smoothie.n.01,,,
oatmeal,oatmeal.n.01,,,
hummus,hummus.n.01,,,
pizza_boxes,NF,,,manual
vinegar,vinegar.n.01,,,
pita,pita.n.01,,,
swamp,swamp.n.01,,,
sugar_packet,NF,,1,
kimono,kimono.n.01,,,
weapon,weapon.n.01,,1,too hypernymy alraedy
vanilla,vanilla.n.01,,,
snow_shoe,NF,,,manual
oreo,oreo.n.01,,,
amusement_park,amusement_park.n.01,,,
fudge,fudge.n.01,,,
ginger,ginger.n.01,,,
coffee_shop,cafe.n.01,,,
wii_controllers,NF,,,manual
leopard,leopard.n.01,leopard.n.02,,
egg_carton,NF,,,manual
performer,performer.n.01,,,
nutella,NF,,,manual
wardrobe,wardrobe.n.01,,,
lab_coat,lab_coat.n.01,,,
ice-cream_cone,ice-cream_cone.n.01,,,
salon,salon.n.01,,,
pistachio,pistachio.n.01,,,
cappuccino,cappuccino.n.01,,,
dragonfly,dragonfly.n.01,,,
wok,wok.n.01,,,
mexican_food,NF,,1,
juice_box,NF,,1,
gourd,gourd.n.01,,,
boar,wild_boar.n.01,,,
supermarket,supermarket.n.01,,,
guest,guest.n.01,,1,
stuffed_bears,NF,,4,toy?
pudding,pudding.n.01,,,
entree,entree.n.01,,,
xbox_controller,NF,,,manual
lunch_box,NF,,,manual
kangaroo,kangaroo.n.01,,,
hibiscus,hibiscus.n.01,,,
pizza_shop,pizzeria.n.01,,,
beer_mug,beer_mug.n.01,,,
snail,snail.n.01,,,
snoopy,snoopy.n.01,,,
serving_dish,serving_dish.n.01,,,
soccer_balls,soccer_ball.n.01,,,
ravioli,ravioli.n.01,,,
bread_loaf,NF,loaf.n.01,,
vitamin,vitamin.n.01,,,
cooking_oil,cooking_oil.n.01,,,
citrus,citrus.n.01,,,
food_trucks,NF,,,manual
lavender,lavender.n.01,,,
nightstands,NF,,,manual
sporting_equipment,NF,,1,
pikachu,NF,,4,toy?
mouse,mouse.n.01,,,
dvd_players,NF,cd_player.n.01,,
fire_trucks,fire_engine.n.01,,,
panda_bears,giant_panda.n.01,,,
right,right.n.01,,1,
left,left.n.01,,1,
Are,are.n.01,,1,
image,image.n.01,,1,
color,color.n.01,,1,
photo,photograph.n.01,,,
side,side.n.01,,1,
look,expression.n.01,,1,
furniture,furniture.n.01,,1,too hypernymy already
top,top.n.01,,1,
bottom,bottom.n.01,,1,
scene,scene.n.01,,1,
front,front.n.01,,1,
photograph,photograph.n.01,,,
wood,wood.n.01,,1,
kind,kind.n.01,,1,
part,part.n.01,,1,
blue,blue.n.01,,1,
piece,piece.n.01,,1,
metal,metallic_element.n.01,,,
type,type.n.01,,1,
outdoors,outdoors.n.01,,1,
tennis,tennis.n.01,,,
traffic,traffic.n.01,,1,
light,light.n.01,,1,
hydrant,water_faucet.n.01,,,
item,item.n.01,,1,
middle,center.n.01,,1,
brown,brown.n.01,,1,
Which,NF,,1,
clothing,clothing.n.01,,1,ngha; too hypernymy already
silver,silver.n.01,,1,
plastic,plastic.n.01,,1,
size,size.n.01,,1,
indoors,inside.r.01,,1,
trouser,trouser.n.01,,,
cell,cell.n.01,,2,"could be many things, best remove"
control,control.n.01,,1,
kid,child.n.01,,,
cloudy,cloudy.s.01,,1,
round,round.n.01,,1,
plane,airplane.n.01,,,
pad,pad.n.01,,2,could be many things
center,center.n.01,,1,
TV,television.n.01,television.n.03,,
motorbike,minibike.n.01,,,??
board,board.n.01,,1,
place,topographic_point.n.01,,1,
name,name.n.01,,1,
material,material.n.01,,1,
gray,gray.n.01,,1,
blond,blond.n.01,,1,
SUV,sport_utility.n.01,,,
telephone,telephone.n.01,,,
green,green.n.01,,1,
weather,weather.n.01,,1,
fridge,electric_refrigerator.n.01,,,
freezer,deep-freeze.n.01,,,
dark,dark.n.01,,1,
shaker,shaker.n.01,,1,
pine,pine.n.01,,,tree?
garbage,garbage.n.01,,1,
watercraft,watercraft.n.01,,1,too hypernymy already
remote,remote_control.n.01,,,
pink,pink.n.01,,1,
palm,palm.n.01,,2,bp; too many things
bin,bin.n.01,,,
cooking,cooking.n.01,,1,
gold,gold.n.01,,1,
cellphone,cellular_telephone.n.01,,,
Wii,NF,,,manual
length,length.n.01,,1,
safety,safety.n.01,,1,
wooden,wooden.s.01,,1,
tall,tall.n.01,,1,
meter,meter.n.01,,1,
slice,slice.n.01,,1,
tap,pat.n.01,,1,
steel,steel.n.01,,1,
purple,purple.n.01,,1,
metallic,metallic.n.01,,1,
soccer,soccer.n.01,,1,
tan,tan.n.01,,1,
bulb,bulb.n.01,,,
yellow,yellow.n.01,,1,
cab,cab.n.01,,,
parking,parking.n.01,,1,
leather,leather.n.01,,,
shape,shape.n.01,,1,
stop,stop.n.01,,1,contextual
end,end.n.01,,1,
wearing,erosion.n.01,,1,
life,life.n.01,,1,
square,square.n.01,,,
necktie,necktie.n.01,,,
cube,cube.n.01,,,
surf,surf.n.01,,1,
maker,maker.n.01,,1,
veggie,vegetable.n.01,,,
wet,moisture.n.01,,1,
shopping,shopping.n.01,,1,
doughnut,ring.n.02,,1,
Was,washington.n.02,,1,
appear,look.v.02,,1,
tank,tank.n.01,,,
extinguisher,fire_extinguisher.n.01,,,
CDs,cadmium.n.01,compact_disc.n.01,,
dirty,dirty.v.01,,1,
stand,base.n.08,stand.n.04,2,can also be stand.n.05
stuffed,stuff.v.01,,1,
knee,knee.n.01,,3,bp
pattern,form.n.03,,1,
walk,walk.n.01,,1,
signal,signal.n.01,,1,
gender,gender.n.01,,1,
adult,adult.n.01,,,
tub,bathtub.n.01,,,
object,object.n.01,,1,too hypernymy already
wear,wear.n.01,,1,
lot,batch.n.02,,,
DVD,videodisk.n.01,,,
alarm,alarm.n.01,,,
shrub,shrub.n.01,,,
tshirt,NF,jersey.n.03,,
concrete,concrete.n.01,,,
placemats,NF,table_mat.n.01,,
cloudless,cloudless.s.01,,1,
tee,tee.n.01,tee.n.03,,unsure if golf tee or football tee
mousepad,mousepad.n.01,,,
made,make.v.01,,1,
standing,standing.n.01,,1,
thick,midst.n.01,,1,
bar,barroom.n.01,,1,
height,height.n.01,,1,
cardboard,cardboard.n.01,,,
porcelain,porcelain.n.01,,,
cement,cement.n.01,,,
entertainment,entertainment.n.01,,1,
bath,bath.n.01,,,
stool,stool.n.01,,,
block,block.n.01,,,
cash,cash.n.01,,,
register,register.n.01,,,
living,life.n.02,,1,
specie,coinage.n.01,,1,
drapery,curtain.n.01,,,
stainless,stainless_steel.n.01,,1,
trashcan,NF,trash_can.n.01,,
calm,composure.n.01,,1,
band,set.n.05,,,
bare,bare.v.01,,1,
walking,walk.n.01,,1,
thing,thing.n.01,,1,
clip,cartridge_holder.n.01,,2,can be hairclip and some other clip??
track,path.n.04,,,
waste,waste.n.01,,,
drainers,NF,,1,
spray,spray.n.01,,,
today,today.n.01,,1,
washer,washer.n.01,,,
wineglass,wineglass.n.01,,,
TVs,television.n.01,television.n.03,,
beige,beige.n.01,,1,
maroon,maroon.n.01,,1,
visible,visible.a.01,,1,
chess,chess.n.01,,,
wetsuits,NF,wet_suit.n.01,,
dream,dream.n.01,,1,
iron,iron.n.01,,1,
playing,playing.n.01,,1,
police,police.n.01,,1,can be one or multiple
dining,dining.n.01,,1,
oar,oar.n.01,,,
conditioner,conditioner.n.01,,,
engine,engine.n.01,,1,too vague
overcast,cloudiness.n.01,,1,
rectangular,rectangular.s.01,,1,
brunette,brunet.n.01,,,
grassy,grassy.a.01,,1,
seem,look.v.02,,1,
snowy,white.s.04,,1,
gas,gas.n.01,,1,
colorful,colorful.a.01,,1,
sit,sit.v.01,,1,
wicker,wicker.n.01,,,
sunny,cheery.s.01,,1,
marble,marble.n.01,,,
cover,screen.n.04,,,
observable,discernible.s.03,,1,
clean,clean_and_jerk.n.01,,1,
tone,tone.n.01,,1,
bikers,rockers.n.01,biker.n.01,,
quilt,quilt.n.01,,,
leafy,leafy.a.01,,1,
holding,retention.n.01,,1,
cobblestone,cobble.n.01,,1,
pier,pier.n.01,,,
lying,lying.n.01,,1,
rubber,rubber.n.01,,,
license,license.n.01,,1,
bright,bright.a.01,,1,
sandy,flaxen.s.01,,1,
eating,eating.n.01,,1,
folding,protein_folding.n.01,,1,
dry,dry.n.01,,1,
granite,granite.n.01,,,
ripe,ripe.a.01,,1,
male,male.n.01,,,
article,article.n.01,,1,
eyeglass,monocle.n.01,,,
motorcyclist,motorcyclist.n.01,,,
drive,drive.n.01,,1,
Xbox,NF,,,manual
CD,cadmium.n.01,,,
sad,sad.a.01,,1,
video,video.n.01,,1,
scrub,scrub.n.01,,,
hang,bent.n.04,,1,
shade,shade.n.01,,1,
polo,polo.n.01,,1,game vs. t-shirt
rainy,showery.s.01,,1,
bicyclist,cyclist.n.01,,,
vintage,vintage.n.01,,1,
stormy,stormy.a.01,,1,
jumping,jumping.n.01,,1,
beautiful,beautiful.a.01,,1,
mesh,mesh.n.01,,1,
murky,cloudy.s.03,,1,
tv,television.n.01,television.n.03,,
hardwood,hardwood.n.01,,,
empty,empty.n.01,,1,
pool,pool.n.01,,,
sleeveless,sleeveless.a.01,,1,
chrome,chrome.n.01,,,
hotdog,hotdog.n.01,,,
case,case.n.01,,,
antique,old-timer.n.02,antique.n.02,,
sits,sit.v.01,,1,
spread,spread.n.01,spread.n.05,,
flop,floating-point_operation.n.01,,1,
flip,somersault.n.01,,1,
switch,switch.n.01,,,
gull,chump.n.01,,1,
foggy,dazed.s.02,,1,
showing,screening.n.01,,1,
power,power.n.01,,1,
condition,condition.n.01,,1,
elbow,elbow.n.01,,3,bp
rocky,rocky.s.01,,1,
wavy,wavy.s.01,,1,
fat,fat.n.01,,1,
drinking,drinking.n.01,,1,
lace,lace.n.01,,,
aluminum,aluminum.n.01,,,
asphalt,asphalt.n.01,,,
Nike,nike.n.01,,1,
kayak,kayak.n.01,,,
female,female.n.01,,,
behind,buttocks.n.01,,1,
dry-erase,NF,,1,
riding,riding.n.01,,1,
back,back.n.01,,1,
Adidas,NF,,1,
action,action.n.01,,1,
thin,thin.v.01,,1,
hold,clasp.n.02,,1,
skiing,skiing.n.01,,1,
contain,incorporate.v.02,,1,
rough,rough.n.01,,1,
skinny,skinny.n.01,,1,
chop,chop.n.01,,1,
watching,observation.n.02,,1,
good,good.n.01,,1,
lush,alcoholic.n.01,,1,
copper,copper.n.01,,,
cutting,film_editing.n.01,,1,
ride,drive.n.08,,1,
sitting,sitting.n.01,,1,
line,line.n.01,,1,
Styrofoam,styrofoam.n.01,,,
breast,breast.n.01,,3,bp
hippoes,NF,hippo.n.02,,
driving,drive.n.06,,1,
medicine,medicine.n.01,,1,
vending,vending.n.01,,1,
reading,reading.n.01,,1,
cotton,cotton.n.01,,,
clay,clay.n.01,,,
sleeved,sleeved.a.01,,1,
Asian,asian.n.01,,1,
surfing,surfing.n.01,,1,
streetlight,streetlight.n.01,,,
burritoes,NF,burrito.n.01,,
serving,helping.n.01,,1,
mom,ma.n.01,,1,
triangular,triangular.s.01,,1,
edge,edge.n.01,,1,
wreath,wreath.n.01,,,
bending,bending.n.01,,1,
hanging,hanging.n.01,,1,
Cola,cola.n.01,,,
narrow,narrow.n.01,,1,
teddy,teddy.n.01,,,
have,rich_person.n.01,,1,
denim,jean.n.01,,,
flavor,spirit.n.02,,1,
Coke,coke.n.01,coke.n.03,,
represent,represent.v.01,,1,
skate,skate.n.01,,,
teal,bluish_green.n.01,,1,
lie,lie.n.01,,1,
carrying,transport.v.02,,1,
tacoes,NF,taco.n.01,,
resting,rest.v.01,,1,
trick,trick.n.01,,1,
dense,dense.s.01,,1,
drainer,NF,,1,
fixture,fixture.n.01,,,
condiment,condiment.n.01,,,
Pikachu,NF,,4,toy?
lift,lift.n.01,,,
swimming,swimming.n.01,,1,
skateboarding,skateboarding.n.01,,1,
lit,literature.n.02,,1,
decker,dekker.n.01,,1,
inside,inside.n.01,,,
bud,bud.n.01,,,
desktop,desktop.n.01,,,
tin,tin.n.01,,,
brass,brass.n.01,,,
sparse,sparse.s.01,,1,
rainbow,rainbow.n.01,,,
shallow,shoal.n.02,,1,
Coca,erythroxylon_coca.n.01,,1,
day,day.n.01,,,
blonde,blond.n.01,,,
coca-cola,NF,coke.n.03,,
ice-cream,NF,icecream.n.01,,
snowpants,NF,,,manual
bald,bald.v.01,,1,
unripe,green.a.03,,1,
American,american.n.01,,1,
weight,weight.n.01,,1,
sleeping,sleeping.n.01,,1,
width,width.n.01,,1,
striped,stripe.v.01,,1,
posing,sitting.n.01,,1,
leafless,leafless.a.01,,1,
crocodile,crocodile.n.01,,,
Caucasian,white.n.01,,1,
crouching,crouch.v.01,,1,
beside,NF,,1,
avocadoes,NF,avocado.n.01,,
DVDs,videodisk.n.01,,,
work,work.n.01,,1,
nike,nike.n.01,,1,
rotten,icky.s.01,,1,
cutter,stonecutter.n.01,,1,
smooth,smooth.n.01,,1,
powerlines,NF,,1,
bathing,bathing.n.01,,1,
beneath,below.r.01,,1,
shut,close.v.01,,1,
litter,litter.n.01,,1,
meeting,meeting.n.01,,1,
furry,furred.s.01,,1,
holder,holder.n.01,,,
running,run.n.05,,1,
bushy,bushy.s.01,,1,
mitt,hand.n.01,mitt.n.02,,
logoes,NF,logo.n.01,,
pianoes,NF,piano.n.01,,
staring,gaze.v.01,,1,
company,company.n.01,,1,
powerline,NF,,1,
dad,dad.n.01,,1,
barefoot,barefoot.s.01,,1,
talk,talk.n.01,,1,
depth,depth.n.01,,1,
cut,cut.n.01,,1,contextual
pulling,pull.n.01,,1,
swing,swing.n.01,,,
crystal,crystal.n.01,,1,
lean,tilt.n.04,,1,
khaki,khaki.n.01,,,
tiny,bantam.s.01,,1,
sweet,sweet.n.01,,1,
seasoning,flavorer.n.01,,,
carry,carry.n.01,,1,
venue,venue.n.01,,1,
art,art.n.01,,1,
Pokemon,NF,,4,toy
bronze,bronze.n.01,,1,
roast,roast.n.01,,1,
giant,giant.n.01,,1,
skating,skating.n.01,,1,
ceramic,ceramic.n.01,,,
jump,jump.n.01,,1,
washing,wash.n.02,,1,
swim,swimming.n.01,,1,
stir,stir.n.01,,1,
skatepark,NF,,1,
straight,heterosexual.n.01,,1,
choppy,choppy.s.01,,1,
movie,movie.n.01,,1,
contains,incorporate.v.02,,1,
lab,lab.n.01,,1,
eat,eat.v.01,,1,
mobile,mobile.n.01,,,
processor,processor.n.01,,2,
red,red.n.01,,1,
silk,silk.n.01,,,
note,note.n.01,,1,
feeding,eating.n.01,,1,
play,play.n.01,,1,
fresh,fresh.a.01,,1,
styrofoam,styrofoam.n.01,,,
panel,panel.n.01,,1,
hitting,hit.n.02,,1,
adidas,NF,,1,contextual referent
rest,remainder.n.01,,1,
Mickey,paddy.n.01,,,
shirtless,NF,,1,
deep,deep.n.01,,1,
modern,modern.n.01,,1,
fly,fly.n.01,,1,
catching,catching.n.01,,1,
manhole,manhole.n.01,,,
eats,chow.n.02,,1,
preserver,refinisher.n.01,,1,
bamboo,bamboo.n.01,,,
touching,touch.n.01,,1,
moustache,mustache.n.01,,3,bp
pin,pin.n.01,,,
mixing,mix.n.03,,1,
pointing,indicate.v.02,,1,
brief,brief.n.01,,1,
immature,immature.a.01,,1,
Elmo,NF,,4,toy?
direction,direction.n.01,,1,
opener,opener.n.01,,1,
grazing,graze.n.02,,1,
Did,make.v.01,,1,
float,float.n.01,,1,
raw,raw.n.01,,1,
group,group.n.01,,1,
smoothy,smoothie.n.01,,,
background,background.n.01,,1,
wiis,NF,,,manual
snowboarding,snowboarding.n.01,,1,
elmoes,NF,,4,toy?
waiting,wait.n.02,,1,
point,point.n.01,,1,
touch,touch.n.01,,1,
heavy,heavy.n.01,,1,
oval,ellipse.n.01,,,
open,open.n.01,,1,
wild,wild.n.01,,1,
chasing,chase.v.01,,1,
peel,peel.n.01,,,
foam,foam.n.01,,,
surround,environment.n.02,,1,
mature,mature.v.01,,1,
Lego,lego.n.01,,4,toy
stuck,lodge.v.02,,1,
steering,guidance.n.02,,1,
legoes,NF,lego.n.01,4,toy
cleaner,cleansing_agent.n.01,,1,
ethnicity,ethnicity.n.01,,1,
leaning,leaning.n.01,,1,
fluffy,downy.s.01,,1,
balding,bald.v.01,,1,
gummy,gluey.s.01,,1,
Parmesan,parmesan.n.01,,1,
dull,dull.v.01,,1,
selling,selling.n.01,,1,
fuzzy,fuzzed.s.01,,1,
throwing,throw.v.01,,1,
opening,opening.n.01,,1,
Christmas,christmas.n.01,,1,
underneath,underneath.r.01,,1,
low,low.n.01,,1,
cooked,cook.v.01,,1,
race,race.n.01,,1,
preparing,fix.v.12,,1,
opaque,opaque.a.01,,1,
pull,pull.n.01,,1,
blurry,bleary.s.02,,1,
baking,baking.n.01,,1,
parked,park.v.01,,1,
catch,catch.n.01,,1,
utility,utility.n.01,,1,
facing,facing.n.01,,1,
covering,covering.n.01,,1,too hypernymy already
bent,bent.n.01,,1,
satellite,satellite.n.01,,1,
hoof,hoof.n.01,,,
miniature,miniature.n.01,,1,
coarse,coarse.a.01,,1,
smile,smile.n.01,,1,
octagonal,octangular.a.01,,1,
fake,fake.n.01,,1,
curved,swerve.v.01,,1,
yolk,egg_yolk.n.01,,,
tabby,tabby.n.01,,1,
burnt,burn.v.01,,1,
chewing,chew.n.02,,1,
graz,graz.n.01,,1,
stack,stack.n.01,,,
balance,balance.n.01,,1,Contextual
exit,exit.n.01,,1,Contextual
making,devising.n.01,,1,
homemade,homemade.a.01,,1,
run,run.n.01,,1,
throw,throw.n.01,,1,
puffy,bouffant.s.01,,1,
petting,caressing.n.01,,1,
woven,weave.v.01,,1,
muddy,muddy.v.01,,1,
ornate,flowery.s.02,,1,
wait,delay.n.01,,1,
chase,pursuit.n.01,,1,
texture,texture.n.01,,1,
biting,bite.v.01,,1,
graze,graze.n.01,,1,
down,down.n.01,,1,
grabbing,catch.v.04,,1,
fast,fast.n.01,,1,
observing,detect.v.01,,1,
reach,range.n.02,,1,
chopped,chop.v.01,,1,
grow,turn.v.07,,1,
birthday,birthday.n.01,,1,
carton,carton.n.01,,,
price,monetary_value.n.01,,1,
covered,cover.v.01,,1,
off,murder.v.01,,1,
mashed,squash.v.01,,1,
rippling,ripple.n.01,,1,
try,attempt.n.01,,1,
leading,lead.n.14,,1,
turned-off,NF,,1,
multi,NF,,1,
flying,flight.n.02,,1,
herding,herd.v.01,,1,
wireless,radio.n.01,,1,
sheer,swerve.v.01,,1,
bronwy,NF,,1,
reaching,reach.n.03,,1,
come,semen.n.01,,1,
sleepy,sleepy.s.01,,1,
unhealthy,unhealthy.a.01,,1,
bite,bite.n.01,,1,
licking,defeat.n.01,,1,
worn,wear.v.01,,1,
hard,difficult.a.01,,1,
calico,calico.n.01,,1,
barren,barren.n.01,,1,
plaid,tartan.n.01,,1,
Does,department_of_energy.n.01,,1,???
misty,brumous.s.01,,1,
guide,usher.n.03,,1,
soft,soft.a.01,,1,
long,hanker.v.01,,1,
lead,lead.n.01,,1,
transparent,crystalline.s.03,,1,
turquoise,turquoise.n.01,,1,
high,high.n.01,,1,
guiding,steer.v.01,,1,
wading,wading.n.01,,1,
kneeling,kneel.n.01,,1,
cricket,cricket.n.01,,1,
hairy,hairy.a.01,,1,
boarding,boarding.n.01,,1,
climb,ascent.n.01,,1,
enclosing,enclosure.n.02,,1,
cleaning,cleaning.n.01,,1,
abundant,abundant.a.01,,1,
pet,pet.n.01,,,
basketball,basketball.n.01,,,
storage,storage.n.01,,,
wave,wave.n.01,,,
string,string.n.01,,,
eraser,eraser.n.01,,,
up,up.v.01,,1,
colored,colored_person.n.01,,1,
floating,floating.n.01,,1,
burgundy,bourgogne.n.01,,1,
downwards,down.r.01,,1,
sniffing,sniff.v.01,,1,
pokemons,NF,,4,toy?
approaching,approach.n.05,,1,
comfortable,comfortable.a.01,,1,
tying,tying.n.01,,1,
music,music.n.01,,1,
shadowed,shadow.v.01,,1,
hugging,caressing.n.01,,1,
crooked,crook.v.01,,1,
following,following.n.01,,1,
sleep,sleep.n.01,,1,
curly,curly.a.01,,1,
rusty,rusty.s.01,,1,
pointy,NF,,1,
grouped,group.v.01,,1,
pretty,pretty.s.01,,1,
hung,hang.v.01,,1,
alert,alert.n.01,,1,
working,working.n.01,,1,
glowing,radiance.n.01,,1,
pikachus,NF,,4,toy?
shadow,shadow.n.01,,1,
torn,tear.v.01,,1,
leaving,departure.n.01,,1,
broken,interrupt.v.04,,1,
shaggy,bushy.s.01,,1,
chubby,chubby.s.01,,1,
towards,NF,,1,
diced,cube.v.02,,1,
climbing,climb.n.02,,1,
stacked,stack.v.01,,1,
taller,tall.a.01,,1,
horizontal,horizontal.n.01,,1,
octopodes,NF,octopod.n.01,,
crusty,crusted.s.01,,1,
tossing,flip.v.06,,1,
eaten,eat.v.01,,1,
handmade,handmade.a.01,,1,
onto,NF,,1,
balancing,reconciliation.n.02,,1,
plush,NF,,,manual
read,read.n.01,,1,
rolling,peal.n.01,,1,
growing,growth.n.01,,1,
crispy,crisp.s.02,,1,
fried,fry.v.01,,1,
polar,polar.s.01,,1,
patchy,patchy.s.01,,1,
surrounding,surround.v.01,,1,
Into,NF,,1,
piled,stack.v.02,,1,
checkered,check.v.16,,1,
upwards,up.r.01,,1,
commercial,commercial.n.01,,1,
frying,frying.n.01,,1,
winter,winter.n.01,,1,
outdoor,outdoor.a.01,,1,
spinning,spinning.n.01,,1,
topped,exceed.v.02,,1,
hit,hit.n.01,,1,
batting,batting.n.01,,1,
breaking,breakage.n.03,,1,
half,one-half.n.01,,1,
wash,wash.n.01,,1,
sturdy,hardy.s.01,,1,
blow,blow.n.01,,1,
little,little.n.01,,1,
toss,flip.n.04,,1,
pouring,pour.v.01,,1,
smiling,smile.n.01,,1,
vertical,vertical.n.01,,1,
dried,dry.v.01,,1,
below,below.r.01,,1,
serve,serve.n.01,,1,
analog,analogue.n.01,,1,
barbed,barb.v.01,,1,
waving,wave.n.05,,1,
roman,roman.n.01,,1,
glazed,glaze.v.01,,1,
messy,messy.s.01,,1,
fancy,illusion.n.02,,1,
curvy,curvy.s.01,,1,
wrinkly,wrinkled.a.01,,1,
smelling,smell.n.05,,1,
do,bash.n.02,,1,
kicking,kick.n.06,,1,