item,category_id,parent_id,category,parent,phrasing_id,question,category_item,parent_item
1,1,1,drum,percussion instrument,1,Is it true that drums are percurssion instruments?,drums,percurssion instruments
2,1,1,drum,percussion instrument,2,Is it true that a drum is a percussion instrument?,drum,percussion instrument
3,1,1,drum,percussion instrument,3,Is it true that drums are a type of percussion instrument?,drums,percussion instrument
4,1,1,drum,percussion instrument,4,Is it true that a drum is a type of percussion instrument?,drum,percussion instrument
5,1,2,drum,musical instrument,1,Is it true that drums are musical instruments?,drums,musical instruments
6,1,2,drum,musical instrument,2,Is it true that a drum is a musical instrument?,drum,musical instrument
7,1,2,drum,musical instrument,3,Is it true that drums are a type of musical instrument?,drums,musical instrument
8,1,2,drum,musical instrument,4,Is it true that a drum is a type of musical instrument?,drum,musical instrument
9,1,3,drum,device,1,Is it true that drums are devices?,drums,devices
10,1,3,drum,device,2,Is it true that a drum is a device?,drum,device
11,1,3,drum,device,3,Is it true that drums are a type of device?,drums,device
12,1,3,drum,device,4,Is it true that a drum is a type of device?,drum,device
13,2,1,backpack,bag,1,Is it true that backpacks are bags?,backpacks,bags
14,2,1,backpack,bag,2,Is it true that a backpack is a bag?,backpack,bag
15,2,1,backpack,bag,3,Is it true that backpacks are a type of bag?,backpacks,bag
16,2,1,backpack,bag,4,Is it true that a backpack is a type of bag?,backpack,bag
17,2,2,backpack,container,1,Is it true that backpacks are containers?,backpacks,containers
18,2,2,backpack,container,2,Is it true that a backpack is a container?,backpack,container
19,2,2,backpack,container,3,Is it true that backpacks are a type of container?,backpacks,container
20,2,2,backpack,container,4,Is it true that a backpack is a type of container?,backpack,container
21,3,1,tablecloth,table linen,1,Is it true that tablecloths are table linen?,tablecloths,table linen
22,3,1,tablecloth,table linen,2,Is it true that a tablecloth is table linen?,tablecloth,table linen
23,3,1,tablecloth,table linen,3,Is it true that tablecloths are a type of table linen?,tablecloths,table linen
24,3,1,tablecloth,table linen,4,Is it true that a tablecloth is a type of table linen?,tablecloth,table linen
25,3,2,tablecloth,linen,1,Is it true that tablecloths are linen?,tablecloths,linen
26,3,2,tablecloth,linen,2,Is it true that a tablecloth is linen?,tablecloth,linen
27,3,2,tablecloth,linen,3,Is it true that tablecloths are a type of linen?,tablecloths,linen
28,3,2,tablecloth,linen,4,Is it true that a tablecloth is a type of linen?,tablecloth,linen
29,3,3,tablecloth,covering,1,Is it true that tablecloths are coverings?,tablecloths,coverings
30,3,3,tablecloth,covering,2,Is it true that a tablecloth is a covering?,tablecloth,covering
31,3,3,tablecloth,covering,3,Is it true that tablecloths are a type of covering?,tablecloths,covering
32,3,3,tablecloth,covering,4,Is it true that a tablecloth is a type of covering?,tablecloth,covering
33,4,1,bird,vertebrate,1,Is it true that birds are vertebrates?,birds,vertebrates
34,4,1,bird,vertebrate,2,Is it true that a bird is a vertebrate?,bird,vertebrate
35,4,1,bird,vertebrate,3,Is it true that birds are a type of vertebrate?,birds,vertebrate
36,4,1,bird,vertebrate,4,Is it true that a bird is a type of vertebrate?,bird,vertebrate
37,4,2,bird,animal,1,Is it true that birds are animals?,birds,animals
38,4,2,bird,animal,2,Is it true that a bird is an animal?,bird,animal
39,4,2,bird,animal,3,Is it true that birds are a type of animal?,birds,animal
40,4,2,bird,animal,4,Is it true that a bird is a type of animal?,bird,animal
41,5,1,laptop,personal computer,1,Is it true that laptops are personal computers?,laptops,personal computers
42,5,1,laptop,personal computer,2,Is it true that a laptop is personal computers?,laptop,personal computers
43,5,1,laptop,personal computer,3,Is it true that laptops are a type of personal computer?,laptops,personal computer
44,5,1,laptop,personal computer,4,Is it true that a laptop is a type of personal computer?,laptop,personal computer
45,5,2,laptop,computer,1,Is it true that laptops are computers?,laptops,computers
46,5,2,laptop,computer,2,Is it true that a laptop is a computer?,laptop,computer
47,5,2,laptop,computer,3,Is it true that laptops are a type of computer?,laptops,computer
48,5,2,laptop,computer,4,Is it true that a laptop is a type of computer?,laptop,computer
49,5,3,laptop,electronic device,1,Is it true that laptops are electronic devices?,laptops,electronic devices
50,5,3,laptop,electronic device,2,Is it true that a laptop is an electronic device?,laptop,electronic device
51,5,3,laptop,electronic device,3,Is it true that laptops are a type of electronic device?,laptops,electronic device
52,5,3,laptop,electronic device,4,Is it true that a laptop is a type of electronic device?,laptop,electronic device
53,5,4,laptop,device,1,Is it true that laptops are devices?,laptops,devices
54,5,4,laptop,device,2,Is it true that a laptop is a device?,laptop,device
55,5,4,laptop,device,3,Is it true that laptops are a type of device?,laptops,device
56,5,4,laptop,device,4,Is it true that a laptop is a type of device?,laptop,device
57,6,1,broccoli,vegetable,1,Is it true that broccolis are vegetables?,broccolis,vegetables
58,6,1,broccoli,vegetable,2,Is it true that broccoli is a vegetable?,broccoli,vegetable
59,6,1,broccoli,vegetable,3,Is it true that broccolis are a type of vegetable?,broccolis,vegetable
60,6,1,broccoli,vegetable,4,Is it true that broccoli is a type of vegetable?,broccoli,vegetable
61,6,2,broccoli,produce,1,Is it true that broccolis are produce?,broccolis,produce
62,6,2,broccoli,produce,2,Is it true that broccoli is produce?,broccoli,produce
63,6,2,broccoli,produce,3,Is it true that broccolis are a type of produce?,broccolis,produce
64,6,2,broccoli,produce,4,Is it true that broccoli is a type of produce?,broccoli,produce
65,6,3,broccoli,food,1,Is it true that broccolis are foods?,broccolis,foods
66,6,3,broccoli,food,2,Is it true that broccoli is food?,broccoli,food
67,6,3,broccoli,food,3,Is it true that broccolis are a type of food?,broccolis,food
68,6,3,broccoli,food,4,Is it true that broccoli is a type of food?,broccoli,food
69,7,1,sofa,seat,1,Is it true that sofas are seats?,sofas,seats
70,7,1,sofa,seat,2,Is it true that a sofa is a seat?,sofa,seat
71,7,1,sofa,seat,3,Is it true that sofas are a type of seat?,sofas,seat
72,7,1,sofa,seat,4,Is it true that a sofa is a type of seat?,sofa,seat
73,7,2,sofa,furniture,1,Is it true that sofas are furniture?,sofas,furniture
74,7,2,sofa,furniture,2,Is it true that a sofa is furniture?,sofa,furniture
75,7,2,sofa,furniture,3,Is it true that sofas are a type of furniture?,sofas,furniture
76,7,2,sofa,furniture,4,Is it true that a sofa is a type of furniture?,sofa,furniture
77,8,1,woman,adult,1,Is it true that women are adults?,women,adults
78,8,1,woman,adult,2,Is it true that a woman is an adult?,woman,adult
79,8,1,woman,adult,3,Is it true that women are a type of adult?,women,adult
80,8,1,woman,adult,4,Is it true that a woman is a type of adult?,woman,adult
81,8,2,woman,person,1,Is it true that women are people?,women,people
82,8,2,woman,person,2,Is it true that a woman is a person?,woman,person
83,8,2,woman,person,3,Is it true that women are a type of person?,women,person
84,8,2,woman,person,4,Is it true that a woman is a type of person?,woman,person
85,9,1,cow,cattle,1,Is it true that cows are cattle?,cows,cattle
86,9,1,cow,cattle,2,Is it true that a cow is cattle?,cow,cattle
87,9,1,cow,cattle,3,Is it true that cows are a type of cattle?,cows,cattle
88,9,1,cow,cattle,4,Is it true that a cow is a type of cattle?,cow,cattle
89,9,2,cow,mammal,1,Is it true that cows are mammals?,cows,mammals
90,9,2,cow,mammal,2,Is it true that a cow is a mammal?,cow,mammal
91,9,2,cow,mammal,3,Is it true that cows are a type of mammal?,cows,mammal
92,9,2,cow,mammal,4,Is it true that a cow is a type of mammal?,cow,mammal
93,9,3,cow,vertebrate,1,Is it true that cows are vertebrates?,cows,vertebrates
94,9,3,cow,vertebrate,2,Is it true that a cow is a vertebrate?,cow,vertebrate
95,9,3,cow,vertebrate,3,Is it true that cows are a type of vertebrate?,cows,vertebrate
96,9,3,cow,vertebrate,4,Is it true that a cow is a type of vertebrate?,cow,vertebrate
97,9,4,cow,animal,1,Is it true that cows are animals?,cows,animals
98,9,4,cow,animal,2,Is it true that a cow is an animal?,cow,animal
99,9,4,cow,animal,3,Is it true that cows are a type of animal?,cows,animal
100,9,4,cow,animal,4,Is it true that a cow is a type of animal?,cow,animal
101,10,1,fruit,food,1,Is it true that fruits are foods?,fruits,foods
102,10,1,fruit,food,2,Is it true that a fruit is food?,fruit,food
103,10,1,fruit,food,3,Is it true that fruits are a type of food?,fruits,food
104,10,1,fruit,food,4,Is it true that a fruit is a type of food?,fruit,food
105,11,1,bottle,vessel,1,Is it true that bottles are vessels?,bottles,vessels
106,11,1,bottle,vessel,2,Is it true that a bottle is vessels?,bottle,vessels
107,11,1,bottle,vessel,3,Is it true that bottles are a type of vessel?,bottles,vessel
108,11,1,bottle,vessel,4,Is it true that a bottle is a type of vessel?,bottle,vessel
109,11,2,bottle,container,1,Is it true that bottles are containers?,bottles,containers
110,11,2,bottle,container,2,Is it true that a bottle is a container?,bottle,container
111,11,2,bottle,container,3,Is it true that bottles are a type of container?,bottles,container
112,11,2,bottle,container,4,Is it true that a bottle is a type of container?,bottle,container
113,12,1,spatula,kitchen utensil,1,Is it true that spatulas are kitchen utensils?,spatulas,kitchen utensils
114,12,1,spatula,kitchen utensil,2,Is it true that a spatula is a kitchen utensil?,spatula,kitchen utensil
115,12,1,spatula,kitchen utensil,3,Is it true that spatulas are a type of kitchen utensil?,spatulas,kitchen utensil
116,12,1,spatula,kitchen utensil,4,Is it true that a spatula is a type of kitchen utensil?,spatula,kitchen utensil
117,12,2,spatula,utensil,1,Is it true that spatulas are utensils?,spatulas,utensils
118,12,2,spatula,utensil,2,Is it true that a spatula is a utensil?,spatula,utensil
119,12,2,spatula,utensil,3,Is it true that spatulas are a type of utensil?,spatulas,utensil
120,12,2,spatula,utensil,4,Is it true that a spatula is a type of utensil?,spatula,utensil
121,13,1,bread,baked good,1,Is it true that breads are baked goods?,breads,baked goods
122,13,1,bread,baked good,2,Is it true that bread is baked goods?,bread,baked goods
123,13,1,bread,baked good,3,Is it true that breads are a type of baked good?,breads,baked good
124,13,1,bread,baked good,4,Is it true that bread is a type of baked good?,bread,baked good
125,13,2,bread,food,1,Is it true that breads are foods?,breads,foods
126,13,2,bread,food,2,Is it true that bread is food?,bread,food
127,13,2,bread,food,3,Is it true that breads are a type of food?,breads,food
128,13,2,bread,food,4,Is it true that bread is a type of food?,bread,food
129,14,1,baby,child,1,Is it true that babies are children?,babies,children
130,14,1,baby,child,2,Is it true that a baby is a child?,baby,child
131,14,1,baby,child,3,Is it true that babies are a type of child?,babies,child
132,14,1,baby,child,4,Is it true that a baby is a type of child?,baby,child
133,14,2,baby,person,1,Is it true that babies are people?,babies,people
134,14,2,baby,person,2,Is it true that a baby is a person?,baby,person
135,14,2,baby,person,3,Is it true that babies are a type of person?,babies,person
136,14,2,baby,person,4,Is it true that a baby is a type of person?,baby,person
137,15,1,frog,amphibian,1,Is it true that frogs are amphibians?,frogs,amphibians
138,15,1,frog,amphibian,2,Is it true that a frog is an amphibian?,frog,amphibian
139,15,1,frog,amphibian,3,Is it true that frogs are a type of amphibian?,frogs,amphibian
140,15,1,frog,amphibian,4,Is it true that a frog is a type of amphibian?,frog,amphibian
141,15,2,frog,vertebrate,1,Is it true that frogs are vertebrates?,frogs,vertebrates
142,15,2,frog,vertebrate,2,Is it true that a frog is a vertebrate?,frog,vertebrate
143,15,2,frog,vertebrate,3,Is it true that frogs are a type of vertebrate?,frogs,vertebrate
144,15,2,frog,vertebrate,4,Is it true that a frog is a type of vertebrate?,frog,vertebrate
145,15,3,frog,animal,1,Is it true that frogs are animals?,frogs,animals
146,15,3,frog,animal,2,Is it true that a frog is an animal?,frog,animal
147,15,3,frog,animal,3,Is it true that frogs are a type of animal?,frogs,animal
148,15,3,frog,animal,4,Is it true that a frog is a type of animal?,frog,animal
149,16,1,bridge,structure,1,Is it true that bridges are structures?,bridges,structures
150,16,1,bridge,structure,2,Is it true that a bridge is a structure?,bridge,structure
151,16,1,bridge,structure,3,Is it true that bridges are a type of structure?,bridges,structure
152,16,1,bridge,structure,4,Is it true that a bridge is a type of structure?,bridge,structure
153,17,1,orange,citrus fruit,1,Is it true that oranges are citrus fruits?,oranges,citrus fruits
154,17,1,orange,citrus fruit,2,Is it true that an orange is citrus fruits?,orange,citrus fruits
155,17,1,orange,citrus fruit,3,Is it true that oranges are a type of citrus fruit?,oranges,citrus fruit
156,17,1,orange,citrus fruit,4,Is it true that an orange is a type of citrus fruit?,orange,citrus fruit
157,17,2,orange,fruit,1,Is it true that oranges are fruits?,oranges,fruits
158,17,2,orange,fruit,2,Is it true that an orange is a fruit?,orange,fruit
159,17,2,orange,fruit,3,Is it true that oranges are a type of fruit?,oranges,fruit
160,17,2,orange,fruit,4,Is it true that an orange is a type of fruit?,orange,fruit
161,17,3,orange,food,1,Is it true that oranges are foods?,oranges,foods
162,17,3,orange,food,2,Is it true that an orange is food?,orange,food
163,17,3,orange,food,3,Is it true that oranges are a type of food?,oranges,food
164,17,3,orange,food,4,Is it true that an orange is a type of food?,orange,food
165,18,1,cat,feline,1,Is it true that cats are felines?,cats,felines
166,18,1,cat,feline,2,Is it true that a cat is a feline?,cat,feline
167,18,1,cat,feline,3,Is it true that cats are a type of feline?,cats,feline
168,18,1,cat,feline,4,Is it true that a cat is a type of feline?,cat,feline
169,18,2,cat,mammal,1,Is it true that cats are mammals?,cats,mammals
170,18,2,cat,mammal,2,Is it true that a cat is a mammal?,cat,mammal
171,18,2,cat,mammal,3,Is it true that cats are a type of mammal?,cats,mammal
172,18,2,cat,mammal,4,Is it true that a cat is a type of mammal?,cat,mammal
173,18,3,cat,vertebrate,1,Is it true that cats are vertebrates?,cats,vertebrates
174,18,3,cat,vertebrate,2,Is it true that a cat is a vertebrate?,cat,vertebrate
175,18,3,cat,vertebrate,3,Is it true that cats are a type of vertebrate?,cats,vertebrate
176,18,3,cat,vertebrate,4,Is it true that a cat is a type of vertebrate?,cat,vertebrate
177,18,4,cat,animal,1,Is it true that cats are animals?,cats,animals
178,18,4,cat,animal,2,Is it true that a cat is an animal?,cat,animal
179,18,4,cat,animal,3,Is it true that cats are a type of animal?,cats,animal
180,18,4,cat,animal,4,Is it true that a cat is a type of animal?,cat,animal
181,19,1,cucumber,vegetable,1,Is it true that cucumbers are vegetables?,cucumbers,vegetables
182,19,1,cucumber,vegetable,2,Is it true that a cucumber is a vegetable?,cucumber,vegetable
183,19,1,cucumber,vegetable,3,Is it true that cucumbers are a type of vegetable?,cucumbers,vegetable
184,19,1,cucumber,vegetable,4,Is it true that a cucumber is a type of vegetable?,cucumber,vegetable
185,19,2,cucumber,produce,1,Is it true that cucumbers are produce?,cucumbers,produce
186,19,2,cucumber,produce,2,Is it true that a cucumber is produce?,cucumber,produce
187,19,2,cucumber,produce,3,Is it true that cucumbers are a type of produce?,cucumbers,produce
188,19,2,cucumber,produce,4,Is it true that a cucumber is a type of produce?,cucumber,produce
189,19,3,cucumber,food,1,Is it true that cucumbers are foods?,cucumbers,foods
190,19,3,cucumber,food,2,Is it true that a cucumber is food?,cucumber,food
191,19,3,cucumber,food,3,Is it true that cucumbers are a type of food?,cucumbers,food
192,19,3,cucumber,food,4,Is it true that a cucumber is a type of food?,cucumber,food
193,20,1,sailboat,boat,1,Is it true that sailboats are boats?,sailboats,boats
194,20,1,sailboat,boat,2,Is it true that a sailboat is a boat?,sailboat,boat
195,20,1,sailboat,boat,3,Is it true that sailboats are a type of boat?,sailboats,boat
196,20,1,sailboat,boat,4,Is it true that a sailboat is a type of boat?,sailboat,boat
197,20,2,sailboat,water vehicle,1,Is it true that sailboats are water vehicles?,sailboats,water vehicles
198,20,2,sailboat,water vehicle,2,Is it true that a sailboat is a water vehicle?,sailboat,water vehicle
199,20,2,sailboat,water vehicle,3,Is it true that sailboats are a type of water vehicle?,sailboats,water vehicle
200,20,2,sailboat,water vehicle,4,Is it true that a sailboat is a type of water vehicle?,sailboat,water vehicle
201,20,3,sailboat,vehicle,1,Is it true that sailboats are vehicles?,sailboats,vehicles
202,20,3,sailboat,vehicle,2,Is it true that a sailboat is a vehicle?,sailboat,vehicle
203,20,3,sailboat,vehicle,3,Is it true that sailboats are a type of vehicle?,sailboats,vehicle
204,20,3,sailboat,vehicle,4,Is it true that a sailboat is a type of vehicle?,sailboat,vehicle
205,21,1,fence,barrier,1,Is it true that fences are barriers?,fences,barriers
206,21,1,fence,barrier,2,Is it true that a fence is a barrier?,fence,barrier
207,21,1,fence,barrier,3,Is it true that fences are a type of barrier?,fences,barrier
208,21,1,fence,barrier,4,Is it true that a fence is a type of barrier?,fence,barrier
209,21,2,fence,structure,1,Is it true that fences are structures?,fences,structures
210,21,2,fence,structure,2,Is it true that a fence is a structure?,fence,structure
211,21,2,fence,structure,3,Is it true that fences are a type of structure?,fences,structure
212,21,2,fence,structure,4,Is it true that a fence is a type of structure?,fence,structure
213,22,1,bag,container,1,Is it true that bags are containers?,bags,containers
214,22,1,bag,container,2,Is it true that a bag is a container?,bag,container
215,22,1,bag,container,3,Is it true that bags are a type of container?,bags,container
216,22,1,bag,container,4,Is it true that a bag is a type of container?,bag,container
217,23,1,beer,alcohol,1,Is it true that beers are alcohol?,beers,alcohol
218,23,1,beer,alcohol,2,Is it true that beer is alcohol?,beer,alcohol
219,23,1,beer,alcohol,3,Is it true that beers are a type of alcohol?,beers,alcohol
220,23,1,beer,alcohol,4,Is it true that beer is a type of alcohol?,beer,alcohol
221,23,2,beer,beverage,1,Is it true that beers are beverages?,beers,beverages
222,23,2,beer,beverage,2,Is it true that beer is a beverage?,beer,beverage
223,23,2,beer,beverage,3,Is it true that beers are a type of beverage?,beers,beverage
224,23,2,beer,beverage,4,Is it true that beer is a type of beverage?,beer,beverage
225,24,1,bus,motor vehicle,1,Is it true that buses are motor vehicles?,buses,motor vehicles
226,24,1,bus,motor vehicle,2,Is it true that a bus is motor vehicles?,bus,motor vehicles
227,24,1,bus,motor vehicle,3,Is it true that buses are a type of motor vehicle?,buses,motor vehicle
228,24,1,bus,motor vehicle,4,Is it true that a bus is a type of motor vehicle?,bus,motor vehicle
229,24,2,bus,wheeled vehicle,1,Is it true that buses are wheeled vehicles?,buses,wheeled vehicles
230,24,2,bus,wheeled vehicle,2,Is it true that a bus is a wheeled vehicle?,bus,wheeled vehicle
231,24,2,bus,wheeled vehicle,3,Is it true that buses are a type of wheeled vehicle?,buses,wheeled vehicle
232,24,2,bus,wheeled vehicle,4,Is it true that a bus is a type of wheeled vehicle?,bus,wheeled vehicle
233,24,3,bus,vehicle,1,Is it true that buses are vehicles?,buses,vehicles
234,24,3,bus,vehicle,2,Is it true that a bus is a vehicle?,bus,vehicle
235,24,3,bus,vehicle,3,Is it true that buses are a type of vehicle?,buses,vehicle
236,24,3,bus,vehicle,4,Is it true that a bus is a type of vehicle?,bus,vehicle
237,25,1,camera,photographic equipment,1,Is it true that cameras are photographic equipment?,cameras,photographic equipment
238,25,1,camera,photographic equipment,2,Is it true that a camera is photographic equipment?,camera,photographic equipment
239,25,1,camera,photographic equipment,3,Is it true that cameras are a type of photographic equipment?,cameras,photographic equipment
240,25,1,camera,photographic equipment,4,Is it true that a camera is a type of photographic equipment?,camera,photographic equipment
241,25,2,camera,device,1,Is it true that cameras are devices?,cameras,devices
242,25,2,camera,device,2,Is it true that a camera is a device?,camera,device
243,25,2,camera,device,3,Is it true that cameras are a type of device?,cameras,device
244,25,2,camera,device,4,Is it true that a camera is a type of device?,camera,device
245,26,1,racket,sports equipment,1,Is it true that rackets are sports equipment?,rackets,sports equipment
246,26,1,racket,sports equipment,2,Is it true that a racket is sports equipment?,racket,sports equipment
247,26,1,racket,sports equipment,3,Is it true that rackets are a type of sports equipment?,rackets,sports equipment
248,26,1,racket,sports equipment,4,Is it true that a racket is a type of sports equipment?,racket,sports equipment
249,26,2,racket,equipment,1,Is it true that rackets are equipment?,rackets,equipment
250,26,2,racket,equipment,2,Is it true that a racket is equipment?,racket,equipment
251,26,2,racket,equipment,3,Is it true that rackets are a type of equipment?,rackets,equipment
252,26,2,racket,equipment,4,Is it true that a racket is a type of equipment?,racket,equipment
253,27,1,taxi,car,1,Is it true that taxis are cars?,taxis,cars
254,27,1,taxi,car,2,Is it true that a taxi is a car?,taxi,car
255,27,1,taxi,car,3,Is it true that taxis are a type of car?,taxis,car
256,27,1,taxi,car,4,Is it true that a taxi is a type of car?,taxi,car
257,27,2,taxi,motor vehicle,1,Is it true that taxis are motor vehicles?,taxis,motor vehicles
258,27,2,taxi,motor vehicle,2,Is it true that a taxi is motor vehicles?,taxi,motor vehicles
259,27,2,taxi,motor vehicle,3,Is it true that taxis are a type of motor vehicle?,taxis,motor vehicle
260,27,2,taxi,motor vehicle,4,Is it true that a taxi is a type of motor vehicle?,taxi,motor vehicle
261,27,3,taxi,wheeled vehicle,1,Is it true that taxis are wheeled vehicles?,taxis,wheeled vehicles
262,27,3,taxi,wheeled vehicle,2,Is it true that a taxi is a wheeled vehicle?,taxi,wheeled vehicle
263,27,3,taxi,wheeled vehicle,3,Is it true that taxis are a type of wheeled vehicle?,taxis,wheeled vehicle
264,27,3,taxi,wheeled vehicle,4,Is it true that a taxi is a type of wheeled vehicle?,taxi,wheeled vehicle
265,27,4,taxi,vehicle,1,Is it true that taxis are vehicles?,taxis,vehicles
266,27,4,taxi,vehicle,2,Is it true that a taxi is a vehicle?,taxi,vehicle
267,27,4,taxi,vehicle,3,Is it true that taxis are a type of vehicle?,taxis,vehicle
268,27,4,taxi,vehicle,4,Is it true that a taxi is a type of vehicle?,taxi,vehicle
269,28,1,clock,instrument,1,Is it true that clocks are instruments?,clocks,instruments
270,28,1,clock,instrument,2,Is it true that a clock is an instrument?,clock,instrument
271,28,1,clock,instrument,3,Is it true that clocks are a type of instrument?,clocks,instrument
272,28,1,clock,instrument,4,Is it true that a clock is a type of instrument?,clock,instrument
273,28,2,clock,device,1,Is it true that clocks are devices?,clocks,devices
274,28,2,clock,device,2,Is it true that a clock is a device?,clock,device
275,28,2,clock,device,3,Is it true that clocks are a type of device?,clocks,device
276,28,2,clock,device,4,Is it true that a clock is a type of device?,clock,device
277,29,1,apple,fruit,1,Is it true that apples are fruits?,apples,fruits
278,29,1,apple,fruit,2,Is it true that an apple is a fruit?,apple,fruit
279,29,1,apple,fruit,3,Is it true that apples are a type of fruit?,apples,fruit
280,29,1,apple,fruit,4,Is it true that an apple is a type of fruit?,apple,fruit
281,29,2,apple,food,1,Is it true that apples are foods?,apples,foods
282,29,2,apple,food,2,Is it true that an apple is food?,apple,food
283,29,2,apple,food,3,Is it true that apples are a type of food?,apples,food
284,29,2,apple,food,4,Is it true that an apple is a type of food?,apple,food
285,30,1,sword,weapon,1,Is it true that swords are weapons?,swords,weapons
286,30,1,sword,weapon,2,Is it true that a sword is a weapon?,sword,weapon
287,30,1,sword,weapon,3,Is it true that swords are a type of weapon?,swords,weapon
288,30,1,sword,weapon,4,Is it true that a sword is a type of weapon?,sword,weapon
289,31,1,farmer,person,1,Is it true that farmers are people?,farmers,people
290,31,1,farmer,person,2,Is it true that a farmer is a person?,farmer,person
291,31,1,farmer,person,3,Is it true that farmers are a type of person?,farmers,person
292,31,1,farmer,person,4,Is it true that a farmer is a type of person?,farmer,person
293,32,1,spoon,cutlery,1,Is it true that spoons are cutlery?,spoons,cutlery
294,32,1,spoon,cutlery,2,Is it true that a spoon is cutlery?,spoon,cutlery
295,32,1,spoon,cutlery,3,Is it true that spoons are a type of cutlery?,spoons,cutlery
296,32,1,spoon,cutlery,4,Is it true that a spoon is a type of cutlery?,spoon,cutlery
297,33,1,refrigerator,home appliance,1,Is it true that refrigerators are home appliances?,refrigerators,home appliances
298,33,1,refrigerator,home appliance,2,Is it true that a refrigerator is a home appliance?,refrigerator,home appliance
299,33,1,refrigerator,home appliance,3,Is it true that refrigerators are a type of home appliance?,refrigerators,home appliance
300,33,1,refrigerator,home appliance,4,Is it true that a refrigerator is a type of home appliance?,refrigerator,home appliance
301,33,2,refrigerator,appliance,1,Is it true that refrigerators are appliances?,refrigerators,appliances
302,33,2,refrigerator,appliance,2,Is it true that a refrigerator is an appliance?,refrigerator,appliance
303,33,2,refrigerator,appliance,3,Is it true that refrigerators are a type of appliance?,refrigerators,appliance
304,33,2,refrigerator,appliance,4,Is it true that a refrigerator is a type of appliance?,refrigerator,appliance
305,34,1,cheese,dairy product,1,Is it true that cheeses are dairy products?,cheeses,dairy products
306,34,1,cheese,dairy product,2,Is it true that a cheese is dairy products?,cheese,dairy products
307,34,1,cheese,dairy product,3,Is it true that cheeses are a type of dairy product?,cheeses,dairy product
308,34,1,cheese,dairy product,4,Is it true that a cheese is a type of dairy product?,cheese,dairy product
309,34,2,cheese,food,1,Is it true that cheeses are foods?,cheeses,foods
310,34,2,cheese,food,2,Is it true that a cheese is food?,cheese,food
311,34,2,cheese,food,3,Is it true that cheeses are a type of food?,cheeses,food
312,34,2,cheese,food,4,Is it true that a cheese is a type of food?,cheese,food
313,35,1,eagle,bird of prey,1,Is it true that eagles are birds of prey?,eagles,birds of prey
314,35,1,eagle,bird of prey,2,Is it true that an eagle is a bird of prey?,eagle,bird of prey
315,35,1,eagle,bird of prey,3,Is it true that eagles are a type of bird of prey?,eagles,bird of prey
316,35,1,eagle,bird of prey,4,Is it true that an eagle is a type of bird of prey?,eagle,bird of prey
317,35,2,eagle,bird,1,Is it true that eagles are birds?,eagles,birds
318,35,2,eagle,bird,2,Is it true that an eagle is a bird?,eagle,bird
319,35,2,eagle,bird,3,Is it true that eagles are a type of bird?,eagles,bird
320,35,2,eagle,bird,4,Is it true that an eagle is a type of bird?,eagle,bird
321,35,3,eagle,vertebrate,1,Is it true that eagles are vertebrates?,eagles,vertebrates
322,35,3,eagle,vertebrate,2,Is it true that an eagle is a vertebrate?,eagle,vertebrate
323,35,3,eagle,vertebrate,3,Is it true that eagles are a type of vertebrate?,eagles,vertebrate
324,35,3,eagle,vertebrate,4,Is it true that an eagle is a type of vertebrate?,eagle,vertebrate
325,35,4,eagle,animal,1,Is it true that eagles are animals?,eagles,animals
326,35,4,eagle,animal,2,Is it true that an eagle is an animal?,eagle,animal
327,35,4,eagle,animal,3,Is it true that eagles are a type of animal?,eagles,animal
328,35,4,eagle,animal,4,Is it true that an eagle is a type of animal?,eagle,animal
329,36,1,goat,mammal,1,Is it true that goats are mammals?,goats,mammals
330,36,1,goat,mammal,2,Is it true that a goat is a mammal?,goat,mammal
331,36,1,goat,mammal,3,Is it true that goats are a type of mammal?,goats,mammal
332,36,1,goat,mammal,4,Is it true that a goat is a type of mammal?,goat,mammal
333,36,2,goat,vertebrate,1,Is it true that goats are vertebrates?,goats,vertebrates
334,36,2,goat,vertebrate,2,Is it true that a goat is a vertebrate?,goat,vertebrate
335,36,2,goat,vertebrate,3,Is it true that goats are a type of vertebrate?,goats,vertebrate
336,36,2,goat,vertebrate,4,Is it true that a goat is a type of vertebrate?,goat,vertebrate
337,36,3,goat,animal,1,Is it true that goats are animals?,goats,animals
338,36,3,goat,animal,2,Is it true that a goat is an animal?,goat,animal
339,36,3,goat,animal,3,Is it true that goats are a type of animal?,goats,animal
340,36,3,goat,animal,4,Is it true that a goat is a type of animal?,goat,animal
341,37,1,helmet,headgear,1,Is it true that helmets are headgear?,helmets,headgear
342,37,1,helmet,headgear,2,Is it true that a helmet is headgear?,helmet,headgear
343,37,1,helmet,headgear,3,Is it true that helmets are a type of headgear?,helmets,headgear
344,37,1,helmet,headgear,4,Is it true that a helmet is a type of headgear?,helmet,headgear
345,37,2,helmet,covering,1,Is it true that helmets are coverings?,helmets,coverings
346,37,2,helmet,covering,2,Is it true that a helmet is a covering?,helmet,covering
347,37,2,helmet,covering,3,Is it true that helmets are a type of covering?,helmets,covering
348,37,2,helmet,covering,4,Is it true that a helmet is a type of covering?,helmet,covering
349,38,1,bat,club,1,Is it true that bats are clubs?,bats,clubs
350,38,1,bat,club,2,Is it true that a bat is a club?,bat,club
351,38,1,bat,club,3,Is it true that bats are a type of club?,bats,club
352,38,1,bat,club,4,Is it true that a bat is a type of club?,bat,club
353,38,2,bat,stick,1,Is it true that bats are sticks?,bats,sticks
354,38,2,bat,stick,2,Is it true that a bat is a stick?,bat,stick
355,38,2,bat,stick,3,Is it true that bats are a type of stick?,bats,stick
356,38,2,bat,stick,4,Is it true that a bat is a type of stick?,bat,stick
357,39,1,gun,weapon,1,Is it true that guns are weapons?,guns,weapons
358,39,1,gun,weapon,2,Is it true that a gun is a weapon?,gun,weapon
359,39,1,gun,weapon,3,Is it true that guns are a type of weapon?,guns,weapon
360,39,1,gun,weapon,4,Is it true that a gun is a type of weapon?,gun,weapon
361,40,1,biker,traveler,1,Is it true that bikers are travelers?,bikers,travelers
362,40,1,biker,traveler,2,Is it true that a biker is a traveler?,biker,traveler
363,40,1,biker,traveler,3,Is it true that bikers are a type of traveler?,bikers,traveler
364,40,1,biker,traveler,4,Is it true that a biker is a type of traveler?,biker,traveler
365,40,2,biker,person,1,Is it true that bikers are people?,bikers,people
366,40,2,biker,person,2,Is it true that a biker is a person?,biker,person
367,40,2,biker,person,3,Is it true that bikers are a type of person?,bikers,person
368,40,2,biker,person,4,Is it true that a biker is a type of person?,biker,person
369,41,1,towel,piece of cloth,1,Is it true that towels are pieces of cloth?,towels,pieces of cloth
370,41,1,towel,piece of cloth,2,Is it true that a towel is a piece of cloth?,towel,piece of cloth
371,41,1,towel,piece of cloth,3,Is it true that towels are a type of piece of cloth?,towels,piece of cloth
372,41,1,towel,piece of cloth,4,Is it true that a towel is a type of piece of cloth?,towel,piece of cloth
373,41,2,towel,clothing,1,Is it true that towels are clothing?,towels,clothing
374,41,2,towel,clothing,2,Is it true that a towel is clothing?,towel,clothing
375,41,2,towel,clothing,3,Is it true that towels are a type of clothing?,towels,clothing
376,41,2,towel,clothing,4,Is it true that a towel is a type of clothing?,towel,clothing
377,42,1,milk,beverage,1,Is it true that milks are beverages?,milks,beverages
378,42,1,milk,beverage,2,Is it true that milk is a beverage?,milk,beverage
379,42,1,milk,beverage,3,Is it true that milks are a type of beverage?,milks,beverage
380,42,1,milk,beverage,4,Is it true that milk is a type of beverage?,milk,beverage
381,43,1,sandwich,food,1,Is it true that sandwiches are foods?,sandwiches,foods
382,43,1,sandwich,food,2,Is it true that a sandwich is food?,sandwich,food
383,43,1,sandwich,food,3,Is it true that sandwiches are a type of food?,sandwiches,food
384,43,1,sandwich,food,4,Is it true that a sandwich is a type of food?,sandwich,food
385,44,1,keyboard,electronic device,1,Is it true that keyboards are electronic devices?,keyboards,electronic devices
386,44,1,keyboard,electronic device,2,Is it true that a keyboard is an electronic device?,keyboard,electronic device
387,44,1,keyboard,electronic device,3,Is it true that keyboards are a type of electronic device?,keyboards,electronic device
388,44,1,keyboard,electronic device,4,Is it true that a keyboard is a type of electronic device?,keyboard,electronic device
389,44,2,keyboard,device,1,Is it true that keyboards are devices?,keyboards,devices
390,44,2,keyboard,device,2,Is it true that a keyboard is a device?,keyboard,device
391,44,2,keyboard,device,3,Is it true that keyboards are a type of device?,keyboards,device
392,44,2,keyboard,device,4,Is it true that a keyboard is a type of device?,keyboard,device
393,45,1,snowboard,board,1,Is it true that snowboards are boards?,snowboards,boards
394,45,1,snowboard,board,2,Is it true that a snowboard is a board?,snowboard,board
395,45,1,snowboard,board,3,Is it true that snowboards are a type of board?,snowboards,board
396,45,1,snowboard,board,4,Is it true that a snowboard is a type of board?,snowboard,board
397,46,1,blanket,bedding,1,Is it true that blankets are bedding?,blankets,bedding
398,46,1,blanket,bedding,2,Is it true that a blanket is bedding?,blanket,bedding
399,46,1,blanket,bedding,3,Is it true that blankets are a type of bedding?,blankets,bedding
400,46,1,blanket,bedding,4,Is it true that a blanket is a type of bedding?,blanket,bedding
401,46,2,blanket,covering,1,Is it true that blankets are coverings?,blankets,coverings
402,46,2,blanket,covering,2,Is it true that a blanket is a covering?,blanket,covering
403,46,2,blanket,covering,3,Is it true that blankets are a type of covering?,blankets,covering
404,46,2,blanket,covering,4,Is it true that a blanket is a type of covering?,blanket,covering
405,47,1,table,furniture,1,Is it true that tables are furniture?,tables,furniture
406,47,1,table,furniture,2,Is it true that a table is furniture?,table,furniture
407,47,1,table,furniture,3,Is it true that tables are a type of furniture?,tables,furniture
408,47,1,table,furniture,4,Is it true that a table is a type of furniture?,table,furniture
409,48,1,hat,headgear,1,Is it true that hats are headgear?,hats,headgear
410,48,1,hat,headgear,2,Is it true that a hat is headgear?,hat,headgear
411,48,1,hat,headgear,3,Is it true that hats are a type of headgear?,hats,headgear
412,48,1,hat,headgear,4,Is it true that a hat is a type of headgear?,hat,headgear
413,48,2,hat,covering,1,Is it true that hats are coverings?,hats,coverings
414,48,2,hat,covering,2,Is it true that a hat is a covering?,hat,covering
415,48,2,hat,covering,3,Is it true that hats are a type of covering?,hats,covering
416,48,2,hat,covering,4,Is it true that a hat is a type of covering?,hat,covering
417,49,1,snowboarder,person,1,Is it true that snowboarders are people?,snowboarders,people
418,49,1,snowboarder,person,2,Is it true that a snowboarder is a person?,snowboarder,person
419,49,1,snowboarder,person,3,Is it true that snowboarders are a type of person?,snowboarders,person
420,49,1,snowboarder,person,4,Is it true that a snowboarder is a type of person?,snowboarder,person
421,50,1,guitar,stringed instrument,1,Is it true that guitars are stringed instruments?,guitars,stringed instruments
422,50,1,guitar,stringed instrument,2,Is it true that a guitar is stringed instruments?,guitar,stringed instruments
423,50,1,guitar,stringed instrument,3,Is it true that guitars are a type of stringed instrument?,guitars,stringed instrument
424,50,1,guitar,stringed instrument,4,Is it true that a guitar is a type of stringed instrument?,guitar,stringed instrument
425,50,2,guitar,musical instrument,1,Is it true that guitars are musical instruments?,guitars,musical instruments
426,50,2,guitar,musical instrument,2,Is it true that a guitar is a musical instrument?,guitar,musical instrument
427,50,2,guitar,musical instrument,3,Is it true that guitars are a type of musical instrument?,guitars,musical instrument
428,50,2,guitar,musical instrument,4,Is it true that a guitar is a type of musical instrument?,guitar,musical instrument
429,50,3,guitar,device,1,Is it true that guitars are devices?,guitars,devices
430,50,3,guitar,device,2,Is it true that a guitar is a device?,guitar,device
431,50,3,guitar,device,3,Is it true that guitars are a type of device?,guitars,device
432,50,3,guitar,device,4,Is it true that a guitar is a type of device?,guitar,device
433,51,1,bed,bedroom furniture,1,Is it true that beds are bedroom furniture?,beds,bedroom furniture
434,51,1,bed,bedroom furniture,2,Is it true that a bed is bedroom furniture?,bed,bedroom furniture
435,51,1,bed,bedroom furniture,3,Is it true that beds are a type of bedroom furniture?,beds,bedroom furniture
436,51,1,bed,bedroom furniture,4,Is it true that a bed is a type of bedroom furniture?,bed,bedroom furniture
437,51,2,bed,furniture,1,Is it true that beds are furniture?,beds,furniture
438,51,2,bed,furniture,2,Is it true that a bed is furniture?,bed,furniture
439,51,2,bed,furniture,3,Is it true that beds are a type of furniture?,beds,furniture
440,51,2,bed,furniture,4,Is it true that a bed is a type of furniture?,bed,furniture
441,52,1,banana,fruit,1,Is it true that bananas are fruits?,bananas,fruits
442,52,1,banana,fruit,2,Is it true that a banana is a fruit?,banana,fruit
443,52,1,banana,fruit,3,Is it true that bananas are a type of fruit?,bananas,fruit
444,52,1,banana,fruit,4,Is it true that a banana is a type of fruit?,banana,fruit
445,52,2,banana,food,1,Is it true that bananas are foods?,bananas,foods
446,52,2,banana,food,2,Is it true that a banana is food?,banana,food
447,52,2,banana,food,3,Is it true that bananas are a type of food?,bananas,food
448,52,2,banana,food,4,Is it true that a banana is a type of food?,banana,food
449,53,1,cup,container,1,Is it true that cups are containers?,cups,containers
450,53,1,cup,container,2,Is it true that a cup is a container?,cup,container
451,53,1,cup,container,3,Is it true that cups are a type of container?,cups,container
452,53,1,cup,container,4,Is it true that a cup is a type of container?,cup,container
453,54,1,wine,alcohol,1,Is it true that wines are alcohol?,wines,alcohol
454,54,1,wine,alcohol,2,Is it true that a wine is alcohol?,wine,alcohol
455,54,1,wine,alcohol,3,Is it true that wines are a type of alcohol?,wines,alcohol
456,54,1,wine,alcohol,4,Is it true that a wine is a type of alcohol?,wine,alcohol
457,54,2,wine,beverage,1,Is it true that wines are beverages?,wines,beverages
458,54,2,wine,beverage,2,Is it true that a wine is a beverage?,wine,beverage
459,54,2,wine,beverage,3,Is it true that wines are a type of beverage?,wines,beverage
460,54,2,wine,beverage,4,Is it true that a wine is a type of beverage?,wine,beverage
461,55,1,phone,electronic device,1,Is it true that phones are electronic devices?,phones,electronic devices
462,55,1,phone,electronic device,2,Is it true that a phone is an electronic device?,phone,electronic device
463,55,1,phone,electronic device,3,Is it true that phones are a type of electronic device?,phones,electronic device
464,55,1,phone,electronic device,4,Is it true that a phone is a type of electronic device?,phone,electronic device
465,55,2,phone,device,1,Is it true that phones are devices?,phones,devices
466,55,2,phone,device,2,Is it true that a phone is a device?,phone,device
467,55,2,phone,device,3,Is it true that phones are a type of device?,phones,device
468,55,2,phone,device,4,Is it true that a phone is a type of device?,phone,device
469,56,1,zebra,equine,1,Is it true that zebras are equines?,zebras,equines
470,56,1,zebra,equine,2,Is it true that a zebra is an equine?,zebra,equine
471,56,1,zebra,equine,3,Is it true that zebras are a type of equine?,zebras,equine
472,56,1,zebra,equine,4,Is it true that a zebra is a type of equine?,zebra,equine
473,56,2,zebra,mammal,1,Is it true that zebras are mammals?,zebras,mammals
474,56,2,zebra,mammal,2,Is it true that a zebra is a mammal?,zebra,mammal
475,56,2,zebra,mammal,3,Is it true that zebras are a type of mammal?,zebras,mammal
476,56,2,zebra,mammal,4,Is it true that a zebra is a type of mammal?,zebra,mammal
477,56,3,zebra,vertebrate,1,Is it true that zebras are vertebrates?,zebras,vertebrates
478,56,3,zebra,vertebrate,2,Is it true that a zebra is a vertebrate?,zebra,vertebrate
479,56,3,zebra,vertebrate,3,Is it true that zebras are a type of vertebrate?,zebras,vertebrate
480,56,3,zebra,vertebrate,4,Is it true that a zebra is a type of vertebrate?,zebra,vertebrate
481,56,4,zebra,animal,1,Is it true that zebras are animals?,zebras,animals
482,56,4,zebra,animal,2,Is it true that a zebra is an animal?,zebra,animal
483,56,4,zebra,animal,3,Is it true that zebras are a type of animal?,zebras,animal
484,56,4,zebra,animal,4,Is it true that a zebra is a type of animal?,zebra,animal
485,57,1,dishwasher,home appliance,1,Is it true that dishwashers are home appliances?,dishwashers,home appliances
486,57,1,dishwasher,home appliance,2,Is it true that a dishwasher is a home appliance?,dishwasher,home appliance
487,57,1,dishwasher,home appliance,3,Is it true that dishwashers are a type of home appliance?,dishwashers,home appliance
488,57,1,dishwasher,home appliance,4,Is it true that a dishwasher is a type of home appliance?,dishwasher,home appliance
489,57,2,dishwasher,appliance,1,Is it true that dishwashers are appliances?,dishwashers,appliances
490,57,2,dishwasher,appliance,2,Is it true that a dishwasher is an appliance?,dishwasher,appliance
491,57,2,dishwasher,appliance,3,Is it true that dishwashers are a type of appliance?,dishwashers,appliance
492,57,2,dishwasher,appliance,4,Is it true that a dishwasher is a type of appliance?,dishwasher,appliance
493,58,1,cyclist,rider,1,Is it true that cyclists are riders?,cyclists,riders
494,58,1,cyclist,rider,2,Is it true that a cyclist is a rider?,cyclist,rider
495,58,1,cyclist,rider,3,Is it true that cyclists are a type of rider?,cyclists,rider
496,58,1,cyclist,rider,4,Is it true that a cyclist is a type of rider?,cyclist,rider
497,58,2,cyclist,traveler,1,Is it true that cyclists are travelers?,cyclists,travelers
498,58,2,cyclist,traveler,2,Is it true that a cyclist is a traveler?,cyclist,traveler
499,58,2,cyclist,traveler,3,Is it true that cyclists are a type of traveler?,cyclists,traveler
500,58,2,cyclist,traveler,4,Is it true that a cyclist is a type of traveler?,cyclist,traveler
501,58,3,cyclist,person,1,Is it true that cyclists are people?,cyclists,people
502,58,3,cyclist,person,2,Is it true that a cyclist is a person?,cyclist,person
503,58,3,cyclist,person,3,Is it true that cyclists are a type of person?,cyclists,person
504,58,3,cyclist,person,4,Is it true that a cyclist is a type of person?,cyclist,person
505,59,1,lettuce,salad green,1,Is it true that lettuces are salad greens?,lettuces,salad greens
506,59,1,lettuce,salad green,2,Is it true that a lettuce is salad greens?,lettuce,salad greens
507,59,1,lettuce,salad green,3,Is it true that lettuces are a type of salad green?,lettuces,salad green
508,59,1,lettuce,salad green,4,Is it true that a lettuce is a type of salad green?,lettuce,salad green
509,59,2,lettuce,vegetable,1,Is it true that lettuces are vegetables?,lettuces,vegetables
510,59,2,lettuce,vegetable,2,Is it true that a lettuce is a vegetable?,lettuce,vegetable
511,59,2,lettuce,vegetable,3,Is it true that lettuces are a type of vegetable?,lettuces,vegetable
512,59,2,lettuce,vegetable,4,Is it true that a lettuce is a type of vegetable?,lettuce,vegetable
513,59,3,lettuce,produce,1,Is it true that lettuces are produce?,lettuces,produce
514,59,3,lettuce,produce,2,Is it true that a lettuce is produce?,lettuce,produce
515,59,3,lettuce,produce,3,Is it true that lettuces are a type of produce?,lettuces,produce
516,59,3,lettuce,produce,4,Is it true that a lettuce is a type of produce?,lettuce,produce
517,59,4,lettuce,food,1,Is it true that lettuces are foods?,lettuces,foods
518,59,4,lettuce,food,2,Is it true that a lettuce is food?,lettuce,food
519,59,4,lettuce,food,3,Is it true that lettuces are a type of food?,lettuces,food
520,59,4,lettuce,food,4,Is it true that a lettuce is a type of food?,lettuce,food
521,60,1,child,person,1,Is it true that children are people?,children,people
522,60,1,child,person,2,Is it true that a child is a person?,child,person
523,60,1,child,person,3,Is it true that children are a type of person?,children,person
524,60,1,child,person,4,Is it true that a child is a type of person?,child,person
525,61,1,strawberry,berry,1,Is it true that strawberries are berries?,strawberries,berries
526,61,1,strawberry,berry,2,Is it true that a strawberry is a berry?,strawberry,berry
527,61,1,strawberry,berry,3,Is it true that strawberries are a type of berry?,strawberries,berry
528,61,1,strawberry,berry,4,Is it true that a strawberry is a type of berry?,strawberry,berry
529,61,2,strawberry,fruit,1,Is it true that strawberries are fruits?,strawberries,fruits
530,61,2,strawberry,fruit,2,Is it true that a strawberry is a fruit?,strawberry,fruit
531,61,2,strawberry,fruit,3,Is it true that strawberries are a type of fruit?,strawberries,fruit
532,61,2,strawberry,fruit,4,Is it true that a strawberry is a type of fruit?,strawberry,fruit
533,61,3,strawberry,food,1,Is it true that strawberries are foods?,strawberries,foods
534,61,3,strawberry,food,2,Is it true that a strawberry is food?,strawberry,food
535,61,3,strawberry,food,3,Is it true that strawberries are a type of food?,strawberries,food
536,61,3,strawberry,food,4,Is it true that a strawberry is a type of food?,strawberry,food
537,62,1,coat,garment,1,Is it true that coats are garments?,coats,garments
538,62,1,coat,garment,2,Is it true that a coat is garments?,coat,garments
539,62,1,coat,garment,3,Is it true that coats are a type of garment?,coats,garment
540,62,1,coat,garment,4,Is it true that a coat is a type of garment?,coat,garment
541,62,2,coat,clothing,1,Is it true that coats are clothing?,coats,clothing
542,62,2,coat,clothing,2,Is it true that a coat is clothing?,coat,clothing
543,62,2,coat,clothing,3,Is it true that coats are a type of clothing?,coats,clothing
544,62,2,coat,clothing,4,Is it true that a coat is a type of clothing?,coat,clothing
545,63,1,surfboard,board,1,Is it true that surfboards are boards?,surfboards,boards
546,63,1,surfboard,board,2,Is it true that a surfboard is a board?,surfboard,board
547,63,1,surfboard,board,3,Is it true that surfboards are a type of board?,surfboards,board
548,63,1,surfboard,board,4,Is it true that a surfboard is a type of board?,surfboard,board
549,64,1,coffee,beverage,1,Is it true that coffees are beverages?,coffees,beverages
550,64,1,coffee,beverage,2,Is it true that coffee is a beverage?,coffee,beverage
551,64,1,coffee,beverage,3,Is it true that coffees are a type of beverage?,coffees,beverage
552,64,1,coffee,beverage,4,Is it true that coffee is a type of beverage?,coffee,beverage
553,65,1,pizza,food,1,Is it true that pizzas are foods?,pizzas,foods
554,65,1,pizza,food,2,Is it true that a pizza is food?,pizza,food
555,65,1,pizza,food,3,Is it true that pizzas are a type of food?,pizzas,food
556,65,1,pizza,food,4,Is it true that a pizza is a type of food?,pizza,food
557,66,1,meat,food,1,Is it true that meats are foods?,meats,foods
558,66,1,meat,food,2,Is it true that meat is food?,meat,food
559,66,1,meat,food,3,Is it true that meats are a type of food?,meats,food
560,66,1,meat,food,4,Is it true that meat is a type of food?,meat,food
561,67,1,kettle,kitchen utensil,1,Is it true that kettles are kitchen utensils?,kettles,kitchen utensils
562,67,1,kettle,kitchen utensil,2,Is it true that a kettle is a kitchen utensil?,kettle,kitchen utensil
563,67,1,kettle,kitchen utensil,3,Is it true that kettles are a type of kitchen utensil?,kettles,kitchen utensil
564,67,1,kettle,kitchen utensil,4,Is it true that a kettle is a type of kitchen utensil?,kettle,kitchen utensil
565,67,2,kettle,utensil,1,Is it true that kettles are utensils?,kettles,utensils
566,67,2,kettle,utensil,2,Is it true that a kettle is a utensil?,kettle,utensil
567,67,2,kettle,utensil,3,Is it true that kettles are a type of utensil?,kettles,utensil
568,67,2,kettle,utensil,4,Is it true that a kettle is a type of utensil?,kettle,utensil
569,68,1,tea,beverage,1,Is it true that teas are beverages?,teas,beverages
570,68,1,tea,beverage,2,Is it true that tea is a beverage?,tea,beverage
571,68,1,tea,beverage,3,Is it true that teas are a type of beverage?,teas,beverage
572,68,1,tea,beverage,4,Is it true that tea is a type of beverage?,tea,beverage
573,69,1,skateboard,board,1,Is it true that skateboards are boards?,skateboards,boards
574,69,1,skateboard,board,2,Is it true that a skateboard is a board?,skateboard,board
575,69,1,skateboard,board,3,Is it true that skateboards are a type of board?,skateboards,board
576,69,1,skateboard,board,4,Is it true that a skateboard is a type of board?,skateboard,board
577,70,1,microwave,kitchen appliance,1,Is it true that microwaves are kitchen appliances?,microwaves,kitchen appliances
578,70,1,microwave,kitchen appliance,2,Is it true that a microwave is a kitchen appliance?,microwave,kitchen appliance
579,70,1,microwave,kitchen appliance,3,Is it true that microwaves are a type of kitchen appliance?,microwaves,kitchen appliance
580,70,1,microwave,kitchen appliance,4,Is it true that a microwave is a type of kitchen appliance?,microwave,kitchen appliance
581,70,2,microwave,home appliance,1,Is it true that microwaves are home appliances?,microwaves,home appliances
582,70,2,microwave,home appliance,2,Is it true that a microwave is a home appliance?,microwave,home appliance
583,70,2,microwave,home appliance,3,Is it true that microwaves are a type of home appliance?,microwaves,home appliance
584,70,2,microwave,home appliance,4,Is it true that a microwave is a type of home appliance?,microwave,home appliance
585,70,3,microwave,appliance,1,Is it true that microwaves are appliances?,microwaves,appliances
586,70,3,microwave,appliance,2,Is it true that a microwave is an appliance?,microwave,appliance
587,70,3,microwave,appliance,3,Is it true that microwaves are a type of appliance?,microwaves,appliance
588,70,3,microwave,appliance,4,Is it true that a microwave is a type of appliance?,microwave,appliance
589,71,1,piano,keyboard instrument,1,Is it true that pianos are keyboard instruments?,pianos,keyboard instruments
590,71,1,piano,keyboard instrument,2,Is it true that a piano is a keyboard instrument?,piano,keyboard instrument
591,71,1,piano,keyboard instrument,3,Is it true that pianos are a type of keyboard instrument?,pianos,keyboard instrument
592,71,1,piano,keyboard instrument,4,Is it true that a piano is a type of keyboard instrument?,piano,keyboard instrument
593,71,2,piano,musical instrument,1,Is it true that pianos are musical instruments?,pianos,musical instruments
594,71,2,piano,musical instrument,2,Is it true that a piano is a musical instrument?,piano,musical instrument
595,71,2,piano,musical instrument,3,Is it true that pianos are a type of musical instrument?,pianos,musical instrument
596,71,2,piano,musical instrument,4,Is it true that a piano is a type of musical instrument?,piano,musical instrument
597,71,3,piano,device,1,Is it true that pianos are devices?,pianos,devices
598,71,3,piano,device,2,Is it true that a piano is a device?,piano,device
599,71,3,piano,device,3,Is it true that pianos are a type of device?,pianos,device
600,71,3,piano,device,4,Is it true that a piano is a type of device?,piano,device
601,72,1,train,vehicle,1,Is it true that trains are vehicles?,trains,vehicles
602,72,1,train,vehicle,2,Is it true that a train is a vehicle?,train,vehicle
603,72,1,train,vehicle,3,Is it true that trains are a type of vehicle?,trains,vehicle
604,72,1,train,vehicle,4,Is it true that a train is a type of vehicle?,train,vehicle
605,73,1,donut,baked good,1,Is it true that donuts are baked goods?,donuts,baked goods
606,73,1,donut,baked good,2,Is it true that a donut is baked goods?,donut,baked goods
607,73,1,donut,baked good,3,Is it true that donuts are a type of baked good?,donuts,baked good
608,73,1,donut,baked good,4,Is it true that a donut is a type of baked good?,donut,baked good
609,73,2,donut,food,1,Is it true that donuts are foods?,donuts,foods
610,73,2,donut,food,2,Is it true that a donut is food?,donut,food
611,73,2,donut,food,3,Is it true that donuts are a type of food?,donuts,food
612,73,2,donut,food,4,Is it true that a donut is a type of food?,donut,food
613,74,1,lamp,furniture,1,Is it true that lamps are furniture?,lamps,furniture
614,74,1,lamp,furniture,2,Is it true that a lamp is furniture?,lamp,furniture
615,74,1,lamp,furniture,3,Is it true that lamps are a type of furniture?,lamps,furniture
616,74,1,lamp,furniture,4,Is it true that a lamp is a type of furniture?,lamp,furniture
617,75,1,elephant,mammal,1,Is it true that elephants are mammals?,elephants,mammals
618,75,1,elephant,mammal,2,Is it true that an elephant is a mammal?,elephant,mammal
619,75,1,elephant,mammal,3,Is it true that elephants are a type of mammal?,elephants,mammal
620,75,1,elephant,mammal,4,Is it true that an elephant is a type of mammal?,elephant,mammal
621,75,2,elephant,vertebrate,1,Is it true that elephants are vertebrates?,elephants,vertebrates
622,75,2,elephant,vertebrate,2,Is it true that an elephant is a vertebrate?,elephant,vertebrate
623,75,2,elephant,vertebrate,3,Is it true that elephants are a type of vertebrate?,elephants,vertebrate
624,75,2,elephant,vertebrate,4,Is it true that an elephant is a type of vertebrate?,elephant,vertebrate
625,75,3,elephant,animal,1,Is it true that elephants are animals?,elephants,animals
626,75,3,elephant,animal,2,Is it true that an elephant is an animal?,elephant,animal
627,75,3,elephant,animal,3,Is it true that elephants are a type of animal?,elephants,animal
628,75,3,elephant,animal,4,Is it true that an elephant is a type of animal?,elephant,animal
629,76,1,skateboarder,athlete,1,Is it true that skateboarders are athletes?,skateboarders,athletes
630,76,1,skateboarder,athlete,2,Is it true that a skateboarder is an athelete?,skateboarder,athelete
631,76,1,skateboarder,athlete,3,Is it true that skateboarders are a type of athlete?,skateboarders,athlete
632,76,1,skateboarder,athlete,4,Is it true that a skateboarder is a type of athlete?,skateboarder,athlete
633,76,2,skateboarder,person,1,Is it true that skateboarders are people?,skateboarders,people
634,76,2,skateboarder,person,2,Is it true that a skateboarder is a person?,skateboarder,person
635,76,2,skateboarder,person,3,Is it true that skateboarders are a type of person?,skateboarders,person
636,76,2,skateboarder,person,4,Is it true that a skateboarder is a type of person?,skateboarder,person
637,77,1,bicycle,wheeled vehicle,1,Is it true that bicycles are wheeled vehicles?,bicycles,wheeled vehicles
638,77,1,bicycle,wheeled vehicle,2,Is it true that a bicycle is a wheeled vehicle?,bicycle,wheeled vehicle
639,77,1,bicycle,wheeled vehicle,3,Is it true that bicycles are a type of wheeled vehicle?,bicycles,wheeled vehicle
640,77,1,bicycle,wheeled vehicle,4,Is it true that a bicycle is a type of wheeled vehicle?,bicycle,wheeled vehicle
641,77,2,bicycle,vehicle,1,Is it true that bicycles are vehicles?,bicycles,vehicles
642,77,2,bicycle,vehicle,2,Is it true that a bicycle is a vehicle?,bicycle,vehicle
643,77,2,bicycle,vehicle,3,Is it true that bicycles are a type of vehicle?,bicycles,vehicle
644,77,2,bicycle,vehicle,4,Is it true that a bicycle is a type of vehicle?,bicycle,vehicle
645,78,1,cabinet,furniture,1,Is it true that cabinets are furniture?,cabinets,furniture
646,78,1,cabinet,furniture,2,Is it true that a cabinet is furniture?,cabinet,furniture
647,78,1,cabinet,furniture,3,Is it true that cabinets are a type of furniture?,cabinets,furniture
648,78,1,cabinet,furniture,4,Is it true that a cabinet is a type of furniture?,cabinet,furniture
649,79,1,desk,table,1,Is it true that desks are tables?,desks,tables
650,79,1,desk,table,2,Is it true that a desk is a table?,desk,table
651,79,1,desk,table,3,Is it true that desks are a type of table?,desks,table
652,79,1,desk,table,4,Is it true that a desk is a type of table?,desk,table
653,79,2,desk,furniture,1,Is it true that desks are furniture?,desks,furniture
654,79,2,desk,furniture,2,Is it true that a desk is furniture?,desk,furniture
655,79,2,desk,furniture,3,Is it true that desks are a type of furniture?,desks,furniture
656,79,2,desk,furniture,4,Is it true that a desk is a type of furniture?,desk,furniture
657,80,1,airplane,aircraft,1,Is it true that airplanes are aircrafts?,airplanes,aircrafts
658,80,1,airplane,aircraft,2,Is it true that an airplane is an aircraft?,airplane,aircraft
659,80,1,airplane,aircraft,3,Is it true that airplanes are a type of aircraft?,airplanes,aircraft
660,80,1,airplane,aircraft,4,Is it true that an airplane is a type of aircraft?,airplane,aircraft
661,80,2,airplane,vehicle,1,Is it true that airplanes are vehicles?,airplanes,vehicles
662,80,2,airplane,vehicle,2,Is it true that an airplane is a vehicle?,airplane,vehicle
663,80,2,airplane,vehicle,3,Is it true that airplanes are a type of vehicle?,airplanes,vehicle
664,80,2,airplane,vehicle,4,Is it true that an airplane is a type of vehicle?,airplane,vehicle
665,81,1,dog,canine,1,Is it true that dogs are canines?,dogs,canines
666,81,1,dog,canine,2,Is it true that a dog is a canine?,dog,canine
667,81,1,dog,canine,3,Is it true that dogs are a type of canine?,dogs,canine
668,81,1,dog,canine,4,Is it true that a dog is a type of canine?,dog,canine
669,81,2,dog,mammal,1,Is it true that dogs are mammals?,dogs,mammals
670,81,2,dog,mammal,2,Is it true that a dog is a mammal?,dog,mammal
671,81,2,dog,mammal,3,Is it true that dogs are a type of mammal?,dogs,mammal
672,81,2,dog,mammal,4,Is it true that a dog is a type of mammal?,dog,mammal
673,81,3,dog,vertebrate,1,Is it true that dogs are vertebrates?,dogs,vertebrates
674,81,3,dog,vertebrate,2,Is it true that a dog is a vertebrate?,dog,vertebrate
675,81,3,dog,vertebrate,3,Is it true that dogs are a type of vertebrate?,dogs,vertebrate
676,81,3,dog,vertebrate,4,Is it true that a dog is a type of vertebrate?,dog,vertebrate
677,81,4,dog,animal,1,Is it true that dogs are animals?,dogs,animals
678,81,4,dog,animal,2,Is it true that a dog is an animal?,dog,animal
679,81,4,dog,animal,3,Is it true that dogs are a type of animal?,dogs,animal
680,81,4,dog,animal,4,Is it true that a dog is a type of animal?,dog,animal
681,82,1,carrot,root vegetable,1,Is it true that carrots are root vegetables?,carrots,root vegetables
682,82,1,carrot,root vegetable,2,Is it true that a carrot is a root vegetable?,carrot,root vegetable
683,82,1,carrot,root vegetable,3,Is it true that carrots are a type of root vegetable?,carrots,root vegetable
684,82,1,carrot,root vegetable,4,Is it true that a carrot is a type of root vegetable?,carrot,root vegetable
685,82,2,carrot,vegetable,1,Is it true that carrots are vegetables?,carrots,vegetables
686,82,2,carrot,vegetable,2,Is it true that a carrot is a vegetable?,carrot,vegetable
687,82,2,carrot,vegetable,3,Is it true that carrots are a type of vegetable?,carrots,vegetable
688,82,2,carrot,vegetable,4,Is it true that a carrot is a type of vegetable?,carrot,vegetable
689,82,3,carrot,produce,1,Is it true that carrots are produce?,carrots,produce
690,82,3,carrot,produce,2,Is it true that a carrot is produce?,carrot,produce
691,82,3,carrot,produce,3,Is it true that carrots are a type of produce?,carrots,produce
692,82,3,carrot,produce,4,Is it true that a carrot is a type of produce?,carrot,produce
693,82,4,carrot,food,1,Is it true that carrots are foods?,carrots,foods
694,82,4,carrot,food,2,Is it true that a carrot is food?,carrot,food
695,82,4,carrot,food,3,Is it true that carrots are a type of food?,carrots,food
696,82,4,carrot,food,4,Is it true that a carrot is a type of food?,carrot,food
697,83,1,soap,toiletry,1,Is it true that soaps are toiletries?,soaps,toiletries
698,83,1,soap,toiletry,2,Is it true that a soap is a toiletry?,soap,toiletry
699,83,1,soap,toiletry,3,Is it true that soaps are a type of toiletry?,soaps,toiletry
700,83,1,soap,toiletry,4,Is it true that a soap is a type of toiletry?,soap,toiletry
701,84,1,boat,water vehicle,1,Is it true that boats are water vehicles?,boats,water vehicles
702,84,1,boat,water vehicle,2,Is it true that a boat is a water vehicle?,boat,water vehicle
703,84,1,boat,water vehicle,3,Is it true that boats are a type of water vehicle?,boats,water vehicle
704,84,1,boat,water vehicle,4,Is it true that a boat is a type of water vehicle?,boat,water vehicle
705,84,2,boat,vehicle,1,Is it true that boats are vehicles?,boats,vehicles
706,84,2,boat,vehicle,2,Is it true that a boat is a vehicle?,boat,vehicle
707,84,2,boat,vehicle,3,Is it true that boats are a type of vehicle?,boats,vehicle
708,84,2,boat,vehicle,4,Is it true that a boat is a type of vehicle?,boat,vehicle
709,85,1,sheep,mammal,1,Is it true that sheeps are mammals?,sheeps,mammals
710,85,1,sheep,mammal,2,Is it true that a sheep is a mammal?,sheep,mammal
711,85,1,sheep,mammal,3,Is it true that sheeps are a type of mammal?,sheeps,mammal
712,85,1,sheep,mammal,4,Is it true that a sheep is a type of mammal?,sheep,mammal
713,85,2,sheep,vertebrate,1,Is it true that sheeps are vertebrates?,sheeps,vertebrates
714,85,2,sheep,vertebrate,2,Is it true that a sheep is a vertebrate?,sheep,vertebrate
715,85,2,sheep,vertebrate,3,Is it true that sheeps are a type of vertebrate?,sheeps,vertebrate
716,85,2,sheep,vertebrate,4,Is it true that a sheep is a type of vertebrate?,sheep,vertebrate
717,85,3,sheep,animal,1,Is it true that sheeps are animals?,sheeps,animals
718,85,3,sheep,animal,2,Is it true that a sheep is an animal?,sheep,animal
719,85,3,sheep,animal,3,Is it true that sheeps are a type of animal?,sheeps,animal
720,85,3,sheep,animal,4,Is it true that a sheep is a type of animal?,sheep,animal
721,86,1,pan,kitchen utensil,1,Is it true that pans are kitchen utensils?,pans,kitchen utensils
722,86,1,pan,kitchen utensil,2,Is it true that a pan is a kitchen utensil?,pan,kitchen utensil
723,86,1,pan,kitchen utensil,3,Is it true that pans are a type of kitchen utensil?,pans,kitchen utensil
724,86,1,pan,kitchen utensil,4,Is it true that a pan is a type of kitchen utensil?,pan,kitchen utensil
725,86,2,pan,utensil,1,Is it true that pans are utensils?,pans,utensils
726,86,2,pan,utensil,2,Is it true that a pan is a utensil?,pan,utensil
727,86,2,pan,utensil,3,Is it true that pans are a type of utensil?,pans,utensil
728,86,2,pan,utensil,4,Is it true that a pan is a type of utensil?,pan,utensil
729,87,1,surfer,athlete,1,Is it true that surfers are athletes?,surfers,athletes
730,87,1,surfer,athlete,2,Is it true that a surfer is an athelete?,surfer,athelete
731,87,1,surfer,athlete,3,Is it true that surfers are a type of athlete?,surfers,athlete
732,87,1,surfer,athlete,4,Is it true that a surfer is a type of athlete?,surfer,athlete
733,87,2,surfer,person,1,Is it true that surfers are people?,surfers,people
734,87,2,surfer,person,2,Is it true that a surfer is a person?,surfer,person
735,87,2,surfer,person,3,Is it true that surfers are a type of person?,surfers,person
736,87,2,surfer,person,4,Is it true that a surfer is a type of person?,surfer,person
737,88,1,ball,sports equipment,1,Is it true that balls are sports equipment?,balls,sports equipment
738,88,1,ball,sports equipment,2,Is it true that a ball is sports equipment?,ball,sports equipment
739,88,1,ball,sports equipment,3,Is it true that balls are a type of sports equipment?,balls,sports equipment
740,88,1,ball,sports equipment,4,Is it true that a ball is a type of sports equipment?,ball,sports equipment
741,88,2,ball,equipment,1,Is it true that balls are equipment?,balls,equipment
742,88,2,ball,equipment,2,Is it true that a ball is equipment?,ball,equipment
743,88,2,ball,equipment,3,Is it true that balls are a type of equipment?,balls,equipment
744,88,2,ball,equipment,4,Is it true that a ball is a type of equipment?,ball,equipment
745,89,1,seagull,aquatic bird,1,Is it true that seagulls are aquatic birds?,seagulls,aquatic birds
746,89,1,seagull,aquatic bird,2,Is it true that a seagull is an aquatic bird?,seagull,aquatic bird
747,89,1,seagull,aquatic bird,3,Is it true that seagulls are a type of aquatic bird?,seagulls,aquatic bird
748,89,1,seagull,aquatic bird,4,Is it true that a seagull is a type of aquatic bird?,seagull,aquatic bird
749,89,2,seagull,bird,1,Is it true that seagulls are birds?,seagulls,birds
750,89,2,seagull,bird,2,Is it true that a seagull is a bird?,seagull,bird
751,89,2,seagull,bird,3,Is it true that seagulls are a type of bird?,seagulls,bird
752,89,2,seagull,bird,4,Is it true that a seagull is a type of bird?,seagull,bird
753,89,3,seagull,vertebrate,1,Is it true that seagulls are vertebrates?,seagulls,vertebrates
754,89,3,seagull,vertebrate,2,Is it true that a seagull is a vertebrate?,seagull,vertebrate
755,89,3,seagull,vertebrate,3,Is it true that seagulls are a type of vertebrate?,seagulls,vertebrate
756,89,3,seagull,vertebrate,4,Is it true that a seagull is a type of vertebrate?,seagull,vertebrate
757,89,4,seagull,animal,1,Is it true that seagulls are animals?,seagulls,animals
758,89,4,seagull,animal,2,Is it true that a seagull is an animal?,seagull,animal
759,89,4,seagull,animal,3,Is it true that seagulls are a type of animal?,seagulls,animal
760,89,4,seagull,animal,4,Is it true that a seagull is a type of animal?,seagull,animal
761,90,1,giraffe,mammal,1,Is it true that giraffes are mammals?,giraffes,mammals
762,90,1,giraffe,mammal,2,Is it true that a giraffe is a mammal?,giraffe,mammal
763,90,1,giraffe,mammal,3,Is it true that giraffes are a type of mammal?,giraffes,mammal
764,90,1,giraffe,mammal,4,Is it true that a giraffe is a type of mammal?,giraffe,mammal
765,90,2,giraffe,vertebrate,1,Is it true that giraffes are vertebrates?,giraffes,vertebrates
766,90,2,giraffe,vertebrate,2,Is it true that a giraffe is a vertebrate?,giraffe,vertebrate
767,90,2,giraffe,vertebrate,3,Is it true that giraffes are a type of vertebrate?,giraffes,vertebrate
768,90,2,giraffe,vertebrate,4,Is it true that a giraffe is a type of vertebrate?,giraffe,vertebrate
769,90,3,giraffe,animal,1,Is it true that giraffes are animals?,giraffes,animals
770,90,3,giraffe,animal,2,Is it true that a giraffe is an animal?,giraffe,animal
771,90,3,giraffe,animal,3,Is it true that giraffes are a type of animal?,giraffes,animal
772,90,3,giraffe,animal,4,Is it true that a giraffe is a type of animal?,giraffe,animal
773,91,1,oven,kitchen appliance,1,Is it true that ovens are kitchen appliances?,ovens,kitchen appliances
774,91,1,oven,kitchen appliance,2,Is it true that an oven is a kitchen appliance?,oven,kitchen appliance
775,91,1,oven,kitchen appliance,3,Is it true that ovens are a type of kitchen appliance?,ovens,kitchen appliance
776,91,1,oven,kitchen appliance,4,Is it true that an oven is a type of kitchen appliance?,oven,kitchen appliance
777,91,2,oven,home appliance,1,Is it true that ovens are home appliances?,ovens,home appliances
778,91,2,oven,home appliance,2,Is it true that an oven is a home appliance?,oven,home appliance
779,91,2,oven,home appliance,3,Is it true that ovens are a type of home appliance?,ovens,home appliance
780,91,2,oven,home appliance,4,Is it true that an oven is a type of home appliance?,oven,home appliance
781,91,3,oven,appliance,1,Is it true that ovens are appliances?,ovens,appliances
782,91,3,oven,appliance,2,Is it true that an oven is an appliance?,oven,appliance
783,91,3,oven,appliance,3,Is it true that ovens are a type of appliance?,ovens,appliance
784,91,3,oven,appliance,4,Is it true that an oven is a type of appliance?,oven,appliance
785,92,1,pineapple,fruit,1,Is it true that pineapples are fruits?,pineapples,fruits
786,92,1,pineapple,fruit,2,Is it true that a pineapple is a fruit?,pineapple,fruit
787,92,1,pineapple,fruit,3,Is it true that pineapples are a type of fruit?,pineapples,fruit
788,92,1,pineapple,fruit,4,Is it true that a pineapple is a type of fruit?,pineapple,fruit
789,92,2,pineapple,food,1,Is it true that pineapples are foods?,pineapples,foods
790,92,2,pineapple,food,2,Is it true that a pineapple is food?,pineapple,food
791,92,2,pineapple,food,3,Is it true that pineapples are a type of food?,pineapples,food
792,92,2,pineapple,food,4,Is it true that a pineapple is a type of food?,pineapple,food
793,93,1,knife,hand tool,1,Is it true that knives are hand tools?,knives,hand tools
794,93,1,knife,hand tool,2,Is it true that a knife is a hand tool?,knife,hand tool
795,93,1,knife,hand tool,3,Is it true that knives are a type of hand tool?,knives,hand tool
796,93,1,knife,hand tool,4,Is it true that a knife is a type of hand tool?,knife,hand tool
797,93,2,knife,tool,1,Is it true that knives are tools?,knives,tools
798,93,2,knife,tool,2,Is it true that a knife is a tool?,knife,tool
799,93,2,knife,tool,3,Is it true that knives are a type of tool?,knives,tool
800,93,2,knife,tool,4,Is it true that a knife is a type of tool?,knife,tool
801,94,1,blender,mixer,1,Is it true that blenders are mixers?,blenders,mixers
802,94,1,blender,mixer,2,Is it true that a blender is a mixer?,blender,mixer
803,94,1,blender,mixer,3,Is it true that blenders are a type of mixer?,blenders,mixer
804,94,1,blender,mixer,4,Is it true that a blender is a type of mixer?,blender,mixer
805,94,2,blender,kitchen utensil,1,Is it true that blenders are kitchen utensils?,blenders,kitchen utensils
806,94,2,blender,kitchen utensil,2,Is it true that a blender is a kitchen utensil?,blender,kitchen utensil
807,94,2,blender,kitchen utensil,3,Is it true that blenders are a type of kitchen utensil?,blenders,kitchen utensil
808,94,2,blender,kitchen utensil,4,Is it true that a blender is a type of kitchen utensil?,blender,kitchen utensil
809,94,3,blender,utensil,1,Is it true that blenders are utensils?,blenders,utensils
810,94,3,blender,utensil,2,Is it true that a blender is a utensil?,blender,utensil
811,94,3,blender,utensil,3,Is it true that blenders are a type of utensil?,blenders,utensil
812,94,3,blender,utensil,4,Is it true that a blender is a type of utensil?,blender,utensil
813,95,1,antelope,mammal,1,Is it true that antelopes are mammals?,antelopes,mammals
814,95,1,antelope,mammal,2,Is it true that an antelope is a mammal?,antelope,mammal
815,95,1,antelope,mammal,3,Is it true that antelopes are a type of mammal?,antelopes,mammal
816,95,1,antelope,mammal,4,Is it true that an antelope is a type of mammal?,antelope,mammal
817,95,2,antelope,vertebrate,1,Is it true that antelopes are vertebrates?,antelopes,vertebrates
818,95,2,antelope,vertebrate,2,Is it true that an antelope is a vertebrate?,antelope,vertebrate
819,95,2,antelope,vertebrate,3,Is it true that antelopes are a type of vertebrate?,antelopes,vertebrate
820,95,2,antelope,vertebrate,4,Is it true that an antelope is a type of vertebrate?,antelope,vertebrate
821,95,3,antelope,animal,1,Is it true that antelopes are animals?,antelopes,animals
822,95,3,antelope,animal,2,Is it true that an antelope is an animal?,antelope,animal
823,95,3,antelope,animal,3,Is it true that antelopes are a type of animal?,antelopes,animal
824,95,3,antelope,animal,4,Is it true that an antelope is a type of animal?,antelope,animal
825,96,1,chair,seat,1,Is it true that chairs are seats?,chairs,seats
826,96,1,chair,seat,2,Is it true that a chair is a seat?,chair,seat
827,96,1,chair,seat,3,Is it true that chairs are a type of seat?,chairs,seat
828,96,1,chair,seat,4,Is it true that a chair is a type of seat?,chair,seat
829,96,2,chair,furniture,1,Is it true that chairs are furniture?,chairs,furniture
830,96,2,chair,furniture,2,Is it true that a chair is furniture?,chair,furniture
831,96,2,chair,furniture,3,Is it true that chairs are a type of furniture?,chairs,furniture
832,96,2,chair,furniture,4,Is it true that a chair is a type of furniture?,chair,furniture
833,97,1,pot,vessel,1,Is it true that pots are vessels?,pots,vessels
834,97,1,pot,vessel,2,Is it true that a pot is vessels?,pot,vessels
835,97,1,pot,vessel,3,Is it true that pots are a type of vessel?,pots,vessel
836,97,1,pot,vessel,4,Is it true that a pot is a type of vessel?,pot,vessel
837,97,2,pot,container,1,Is it true that pots are containers?,pots,containers
838,97,2,pot,container,2,Is it true that a pot is a container?,pot,container
839,97,2,pot,container,3,Is it true that pots are a type of container?,pots,container
840,97,2,pot,container,4,Is it true that a pot is a type of container?,pot,container
841,98,1,couch,seat,1,Is it true that couches are seats?,couches,seats
842,98,1,couch,seat,2,Is it true that a couch is a seat?,couch,seat
843,98,1,couch,seat,3,Is it true that couches are a type of seat?,couches,seat
844,98,1,couch,seat,4,Is it true that a couch is a type of seat?,couch,seat
845,98,2,couch,furniture,1,Is it true that couches are furniture?,couches,furniture
846,98,2,couch,furniture,2,Is it true that a couch is furniture?,couch,furniture
847,98,2,couch,furniture,3,Is it true that couches are a type of furniture?,couches,furniture
848,98,2,couch,furniture,4,Is it true that a couch is a type of furniture?,couch,furniture
849,99,1,motorcycle,motor vehicle,1,Is it true that motorcycles are motor vehicles?,motorcycles,motor vehicles
850,99,1,motorcycle,motor vehicle,2,Is it true that a motorcycle is motor vehicles?,motorcycle,motor vehicles
851,99,1,motorcycle,motor vehicle,3,Is it true that motorcycles are a type of motor vehicle?,motorcycles,motor vehicle
852,99,1,motorcycle,motor vehicle,4,Is it true that a motorcycle is a type of motor vehicle?,motorcycle,motor vehicle
853,99,2,motorcycle,wheeled vehicle,1,Is it true that motorcycles are wheeled vehicles?,motorcycles,wheeled vehicles
854,99,2,motorcycle,wheeled vehicle,2,Is it true that a motorcycle is a wheeled vehicle?,motorcycle,wheeled vehicle
855,99,2,motorcycle,wheeled vehicle,3,Is it true that motorcycles are a type of wheeled vehicle?,motorcycles,wheeled vehicle
856,99,2,motorcycle,wheeled vehicle,4,Is it true that a motorcycle is a type of wheeled vehicle?,motorcycle,wheeled vehicle
857,99,3,motorcycle,vehicle,1,Is it true that motorcycles are vehicles?,motorcycles,vehicles
858,99,3,motorcycle,vehicle,2,Is it true that a motorcycle is a vehicle?,motorcycle,vehicle
859,99,3,motorcycle,vehicle,3,Is it true that motorcycles are a type of vehicle?,motorcycles,vehicle
860,99,3,motorcycle,vehicle,4,Is it true that a motorcycle is a type of vehicle?,motorcycle,vehicle
861,100,1,mud,soil,1,Is it true that mud are soil?,mud,soil
862,100,1,mud,soil,2,Is it true that mud is soil?,mud,soil
863,100,1,mud,soil,3,Is it true that mud are a type of soil?,mud,soil
864,100,1,mud,soil,4,Is it true that mud is a type of soil?,mud,soil
865,100,2,mud,earth,1,Is it true that mud are earth?,mud,earth
866,100,2,mud,earth,2,Is it true that mud is earth?,mud,earth
867,100,2,mud,earth,3,Is it true that mud are a type of earth?,mud,earth
868,100,2,mud,earth,4,Is it true that mud is a type of earth?,mud,earth
869,101,1,sand,soil,1,Is it true that sand are soil?,sand,soil
870,101,1,sand,soil,2,Is it true that sand is soil?,sand,soil
871,101,1,sand,soil,3,Is it true that sand are a type of soil?,sand,soil
872,101,1,sand,soil,4,Is it true that sand is a type of soil?,sand,soil
873,101,2,sand,earth,1,Is it true that sand are earth?,sand,earth
874,101,2,sand,earth,2,Is it true that sand is earth?,sand,earth
875,101,2,sand,earth,3,Is it true that sand are a type of earth?,sand,earth
876,101,2,sand,earth,4,Is it true that sand is a type of earth?,sand,earth
877,102,1,baseball,game,1,Is it true that baseballs are games?,baseballs,games
878,102,1,baseball,game,2,Is it true that a baseball is a game?,baseball,game
879,102,1,baseball,game,3,Is it true that baseballs are a type of game?,baseballs,game
880,102,1,baseball,game,4,Is it true that a baseball is a type of game?,baseball,game
881,103,1,purse,bag,1,Is it true that purses are bags?,purses,bags
882,103,1,purse,bag,2,Is it true that a purse is a bag?,purse,bag
883,103,1,purse,bag,3,Is it true that purses are a type of bag?,purses,bag
884,103,1,purse,bag,4,Is it true that a purse is a type of bag?,purse,bag
885,103,2,purse,container,1,Is it true that purses are containers?,purses,containers
886,103,2,purse,container,2,Is it true that a purse is a container?,purse,container
887,103,2,purse,container,3,Is it true that purses are a type of container?,purses,container
888,103,2,purse,container,4,Is it true that a purse is a type of container?,purse,container
889,104,1,bike,motor vehicle,1,Is it true that bikes are motor vehicles?,bikes,motor vehicles
890,104,1,bike,motor vehicle,2,Is it true that a bike is motor vehicles?,bike,motor vehicles
891,104,1,bike,motor vehicle,3,Is it true that bikes are a type of motor vehicle?,bikes,motor vehicle
892,104,1,bike,motor vehicle,4,Is it true that a bike is a type of motor vehicle?,bike,motor vehicle
893,104,2,bike,wheeled vehicle,1,Is it true that bikes are wheeled vehicles?,bikes,wheeled vehicles
894,104,2,bike,wheeled vehicle,2,Is it true that a bike is a wheeled vehicle?,bike,wheeled vehicle
895,104,2,bike,wheeled vehicle,3,Is it true that bikes are a type of wheeled vehicle?,bikes,wheeled vehicle
896,104,2,bike,wheeled vehicle,4,Is it true that a bike is a type of wheeled vehicle?,bike,wheeled vehicle
897,104,3,bike,vehicle,1,Is it true that bikes are vehicles?,bikes,vehicles
898,104,3,bike,vehicle,2,Is it true that a bike is a vehicle?,bike,vehicle
899,104,3,bike,vehicle,3,Is it true that bikes are a type of vehicle?,bikes,vehicle
900,104,3,bike,vehicle,4,Is it true that a bike is a type of vehicle?,bike,vehicle
901,105,1,horse,equine,1,Is it true that horses are equines?,horses,equines
902,105,1,horse,equine,2,Is it true that a horse is an equine?,horse,equine
903,105,1,horse,equine,3,Is it true that horses are a type of equine?,horses,equine
904,105,1,horse,equine,4,Is it true that a horse is a type of equine?,horse,equine
905,105,2,horse,mammal,1,Is it true that horses are mammals?,horses,mammals
906,105,2,horse,mammal,2,Is it true that a horse is a mammal?,horse,mammal
907,105,2,horse,mammal,3,Is it true that horses are a type of mammal?,horses,mammal
908,105,2,horse,mammal,4,Is it true that a horse is a type of mammal?,horse,mammal
909,105,3,horse,vertebrate,1,Is it true that horses are vertebrates?,horses,vertebrates
910,105,3,horse,vertebrate,2,Is it true that a horse is a vertebrate?,horse,vertebrate
911,105,3,horse,vertebrate,3,Is it true that horses are a type of vertebrate?,horses,vertebrate
912,105,3,horse,vertebrate,4,Is it true that a horse is a type of vertebrate?,horse,vertebrate
913,105,4,horse,animal,1,Is it true that horses are animals?,horses,animals
914,105,4,horse,animal,2,Is it true that a horse is an animal?,horse,animal
915,105,4,horse,animal,3,Is it true that horses are a type of animal?,horses,animal
916,105,4,horse,animal,4,Is it true that a horse is a type of animal?,horse,animal
917,106,1,truck,motor vehicle,1,Is it true that trucks are motor vehicles?,trucks,motor vehicles
918,106,1,truck,motor vehicle,2,Is it true that a truck is motor vehicles?,truck,motor vehicles
919,106,1,truck,motor vehicle,3,Is it true that trucks are a type of motor vehicle?,trucks,motor vehicle
920,106,1,truck,motor vehicle,4,Is it true that a truck is a type of motor vehicle?,truck,motor vehicle
921,106,2,truck,wheeled vehicle,1,Is it true that trucks are wheeled vehicles?,trucks,wheeled vehicles
922,106,2,truck,wheeled vehicle,2,Is it true that a truck is a wheeled vehicle?,truck,wheeled vehicle
923,106,2,truck,wheeled vehicle,3,Is it true that trucks are a type of wheeled vehicle?,trucks,wheeled vehicle
924,106,2,truck,wheeled vehicle,4,Is it true that a truck is a type of wheeled vehicle?,truck,wheeled vehicle
925,106,3,truck,vehicle,1,Is it true that trucks are vehicles?,trucks,vehicles
926,106,3,truck,vehicle,2,Is it true that a truck is a vehicle?,truck,vehicle
927,106,3,truck,vehicle,3,Is it true that trucks are a type of vehicle?,trucks,vehicle
928,106,3,truck,vehicle,4,Is it true that a truck is a type of vehicle?,truck,vehicle
929,107,1,wetsuit,garment,1,Is it true that wetsuits are garments?,wetsuits,garments
930,107,1,wetsuit,garment,2,Is it true that a wetsuit is garments?,wetsuit,garments
931,107,1,wetsuit,garment,3,Is it true that wetsuits are a type of garment?,wetsuits,garment
932,107,1,wetsuit,garment,4,Is it true that a wetsuit is a type of garment?,wetsuit,garment
933,107,2,wetsuit,clothing,1,Is it true that wetsuits are clothing?,wetsuits,clothing
934,107,2,wetsuit,clothing,2,Is it true that a wetsuit is clothing?,wetsuit,clothing
935,107,2,wetsuit,clothing,3,Is it true that wetsuits are a type of clothing?,wetsuits,clothing
936,107,2,wetsuit,clothing,4,Is it true that a wetsuit is a type of clothing?,wetsuit,clothing
937,108,1,fork,cutlery,1,Is it true that forks are cutlery?,forks,cutlery
938,108,1,fork,cutlery,2,Is it true that a fork is cutlery?,fork,cutlery
939,108,1,fork,cutlery,3,Is it true that forks are a type of cutlery?,forks,cutlery
940,108,1,fork,cutlery,4,Is it true that a fork is a type of cutlery?,fork,cutlery
941,109,1,frisbee,toy,1,Is it true that frisbees are toys?,frisbees,toys
942,109,1,frisbee,toy,2,Is it true that a frisbee is a toy?,frisbee,toy
943,109,1,frisbee,toy,3,Is it true that frisbees are a type of toy?,frisbees,toy
944,109,1,frisbee,toy,4,Is it true that a frisbee is a type of toy?,frisbee,toy
945,110,1,crown,headgear,1,Is it true that crowns are headgear?,crowns,headgear
946,110,1,crown,headgear,2,Is it true that a crown is headgear?,crown,headgear
947,110,1,crown,headgear,3,Is it true that crowns are a type of headgear?,crowns,headgear
948,110,1,crown,headgear,4,Is it true that a crown is a type of headgear?,crown,headgear
949,110,2,crown,covering,1,Is it true that crowns are coverings?,crowns,coverings
950,110,2,crown,covering,2,Is it true that a crown is a covering?,crown,covering
951,110,2,crown,covering,3,Is it true that crowns are a type of covering?,crowns,covering
952,110,2,crown,covering,4,Is it true that a crown is a type of covering?,crown,covering
953,111,1,scarf,garment,1,Is it true that scarves are garments?,scarves,garments
954,111,1,scarf,garment,2,Is it true that a scarf is garments?,scarf,garments
955,111,1,scarf,garment,3,Is it true that scarves are a type of garment?,scarves,garment
956,111,1,scarf,garment,4,Is it true that a scarf is a type of garment?,scarf,garment
957,111,2,scarf,clothing,1,Is it true that scarves are clothing?,scarves,clothing
958,111,2,scarf,clothing,2,Is it true that a scarf is clothing?,scarf,clothing
959,111,2,scarf,clothing,3,Is it true that scarves are a type of clothing?,scarves,clothing
960,111,2,scarf,clothing,4,Is it true that a scarf is a type of clothing?,scarf,clothing
961,112,1,lemon,citrus fruit,1,Is it true that lemons are citrus fruits?,lemons,citrus fruits
962,112,1,lemon,citrus fruit,2,Is it true that a lemon is citrus fruits?,lemon,citrus fruits
963,112,1,lemon,citrus fruit,3,Is it true that lemons are a type of citrus fruit?,lemons,citrus fruit
964,112,1,lemon,citrus fruit,4,Is it true that a lemon is a type of citrus fruit?,lemon,citrus fruit
965,112,2,lemon,fruit,1,Is it true that lemons are fruits?,lemons,fruits
966,112,2,lemon,fruit,2,Is it true that a lemon is a fruit?,lemon,fruit
967,112,2,lemon,fruit,3,Is it true that lemons are a type of fruit?,lemons,fruit
968,112,2,lemon,fruit,4,Is it true that a lemon is a type of fruit?,lemon,fruit
969,112,3,lemon,food,1,Is it true that lemons are foods?,lemons,foods
970,112,3,lemon,food,2,Is it true that a lemon is food?,lemon,food
971,112,3,lemon,food,3,Is it true that lemons are a type of food?,lemons,food
972,112,3,lemon,food,4,Is it true that a lemon is a type of food?,lemon,food
973,113,1,bear,mammal,1,Is it true that bears are mammals?,bears,mammals
974,113,1,bear,mammal,2,Is it true that a bear is a mammal?,bear,mammal
975,113,1,bear,mammal,3,Is it true that bears are a type of mammal?,bears,mammal
976,113,1,bear,mammal,4,Is it true that a bear is a type of mammal?,bear,mammal
977,113,2,bear,vertebrate,1,Is it true that bears are vertebrates?,bears,vertebrates
978,113,2,bear,vertebrate,2,Is it true that a bear is a vertebrate?,bear,vertebrate
979,113,2,bear,vertebrate,3,Is it true that bears are a type of vertebrate?,bears,vertebrate
980,113,2,bear,vertebrate,4,Is it true that a bear is a type of vertebrate?,bear,vertebrate
981,113,3,bear,animal,1,Is it true that bears are animals?,bears,animals
982,113,3,bear,animal,2,Is it true that a bear is an animal?,bear,animal
983,113,3,bear,animal,3,Is it true that bears are a type of animal?,bears,animal
984,113,3,bear,animal,4,Is it true that a bear is a type of animal?,bear,animal
985,114,1,television,electronic device,1,Is it true that televisions are electronic devices?,televisions,electronic devices
986,114,1,television,electronic device,2,Is it true that a television is an electronic device?,television,electronic device
987,114,1,television,electronic device,3,Is it true that televisions are a type of electronic device?,televisions,electronic device
988,114,1,television,electronic device,4,Is it true that a television is a type of electronic device?,television,electronic device
989,114,2,television,device,1,Is it true that televisions are devices?,televisions,devices
990,114,2,television,device,2,Is it true that a television is a device?,television,device
991,114,2,television,device,3,Is it true that televisions are a type of device?,televisions,device
992,114,2,television,device,4,Is it true that a television is a type of device?,television,device
993,115,1,pilot,person,1,Is it true that pilots are people?,pilots,people
994,115,1,pilot,person,2,Is it true that a pilot is a person?,pilot,person
995,115,1,pilot,person,3,Is it true that pilots are a type of person?,pilots,person
996,115,1,pilot,person,4,Is it true that a pilot is a type of person?,pilot,person
997,116,1,can,container,1,Is it true that cans are containers?,cans,containers
998,116,1,can,container,2,Is it true that a can is a container?,can,container
999,116,1,can,container,3,Is it true that cans are a type of container?,cans,container
1000,116,1,can,container,4,Is it true that a can is a type of container?,can,container
1001,117,1,cake,baked good,1,Is it true that cakes are baked goods?,cakes,baked goods
1002,117,1,cake,baked good,2,Is it true that cake is baked goods?,cake,baked goods
1003,117,1,cake,baked good,3,Is it true that cakes are a type of baked good?,cakes,baked good
1004,117,1,cake,baked good,4,Is it true that cake is a type of baked good?,cake,baked good
1005,117,2,cake,food,1,Is it true that cakes are foods?,cakes,foods
1006,117,2,cake,food,2,Is it true that cake is food?,cake,food
1007,117,2,cake,food,3,Is it true that cakes are a type of food?,cakes,food
1008,117,2,cake,food,4,Is it true that cake is a type of food?,cake,food
1009,118,1,donkey,equine,1,Is it true that donkeys are equines?,donkeys,equines
1010,118,1,donkey,equine,2,Is it true that a donkey is an equine?,donkey,equine
1011,118,1,donkey,equine,3,Is it true that donkeys are a type of equine?,donkeys,equine
1012,118,1,donkey,equine,4,Is it true that a donkey is a type of equine?,donkey,equine
1013,118,2,donkey,mammal,1,Is it true that donkeys are mammals?,donkeys,mammals
1014,118,2,donkey,mammal,2,Is it true that a donkey is a mammal?,donkey,mammal
1015,118,2,donkey,mammal,3,Is it true that donkeys are a type of mammal?,donkeys,mammal
1016,118,2,donkey,mammal,4,Is it true that a donkey is a type of mammal?,donkey,mammal
1017,118,3,donkey,vertebrate,1,Is it true that donkeys are vertebrates?,donkeys,vertebrates
1018,118,3,donkey,vertebrate,2,Is it true that a donkey is a vertebrate?,donkey,vertebrate
1019,118,3,donkey,vertebrate,3,Is it true that donkeys are a type of vertebrate?,donkeys,vertebrate
1020,118,3,donkey,vertebrate,4,Is it true that a donkey is a type of vertebrate?,donkey,vertebrate
1021,118,4,donkey,animal,1,Is it true that donkeys are animals?,donkeys,animals
1022,118,4,donkey,animal,2,Is it true that a donkey is an animal?,donkey,animal
1023,118,4,donkey,animal,3,Is it true that donkeys are a type of animal?,donkeys,animal
1024,118,4,donkey,animal,4,Is it true that a donkey is a type of animal?,donkey,animal
1025,119,1,toothbrush,brush,1,Is it true that toothbrushes are brushes?,toothbrushes,brushes
1026,119,1,toothbrush,brush,2,Is it true that a toothbrush is a brush?,toothbrush,brush
1027,119,1,toothbrush,brush,3,Is it true that toothbrushes are a type of brush?,toothbrushes,brush
1028,119,1,toothbrush,brush,4,Is it true that a toothbrush is a type of brush?,toothbrush,brush
1029,119,2,toothbrush,tool,1,Is it true that toothbrushes are tools?,toothbrushes,tools
1030,119,2,toothbrush,tool,2,Is it true that a toothbrush is a tool?,toothbrush,tool
1031,119,2,toothbrush,tool,3,Is it true that toothbrushes are a type of tool?,toothbrushes,tool
1032,119,2,toothbrush,tool,4,Is it true that a toothbrush is a type of tool?,toothbrush,tool
1033,120,1,tie,neckwear,1,Is it true that ties are neckwear?,ties,neckwear
1034,120,1,tie,neckwear,2,Is it true that a tie is neckwear?,tie,neckwear
1035,120,1,tie,neckwear,3,Is it true that ties are a type of neckwear?,ties,neckwear
1036,120,1,tie,neckwear,4,Is it true that a tie is a type of neckwear?,tie,neckwear
1037,120,2,tie,garment,1,Is it true that ties are garments?,ties,garments
1038,120,2,tie,garment,2,Is it true that a tie is garments?,tie,garments
1039,120,2,tie,garment,3,Is it true that ties are a type of garment?,ties,garment
1040,120,2,tie,garment,4,Is it true that a tie is a type of garment?,tie,garment
1041,120,3,tie,clothing,1,Is it true that ties are clothing?,ties,clothing
1042,120,3,tie,clothing,2,Is it true that a tie is clothing?,tie,clothing
1043,120,3,tie,clothing,3,Is it true that ties are a type of clothing?,ties,clothing
1044,120,3,tie,clothing,4,Is it true that a tie is a type of clothing?,tie,clothing
1045,121,1,parrot,bird,1,Is it true that parrots are birds?,parrots,birds
1046,121,1,parrot,bird,2,Is it true that a parrot is a bird?,parrot,bird
1047,121,1,parrot,bird,3,Is it true that parrots are a type of bird?,parrots,bird
1048,121,1,parrot,bird,4,Is it true that a parrot is a type of bird?,parrot,bird
1049,121,2,parrot,vertebrate,1,Is it true that parrots are vertebrates?,parrots,vertebrates
1050,121,2,parrot,vertebrate,2,Is it true that a parrot is a vertebrate?,parrot,vertebrate
1051,121,2,parrot,vertebrate,3,Is it true that parrots are a type of vertebrate?,parrots,vertebrate
1052,121,2,parrot,vertebrate,4,Is it true that a parrot is a type of vertebrate?,parrot,vertebrate
1053,121,3,parrot,animal,1,Is it true that parrots are animals?,parrots,animals
1054,121,3,parrot,animal,2,Is it true that a parrot is an animal?,parrot,animal
1055,121,3,parrot,animal,3,Is it true that parrots are a type of animal?,parrots,animal
1056,121,3,parrot,animal,4,Is it true that a parrot is a type of animal?,parrot,animal
1057,122,1,pouch,bag,1,Is it true that pouches are bags?,pouches,bags
1058,122,1,pouch,bag,2,Is it true that a pouch is a bag?,pouch,bag
1059,122,1,pouch,bag,3,Is it true that pouches are a type of bag?,pouches,bag
1060,122,1,pouch,bag,4,Is it true that a pouch is a type of bag?,pouch,bag
1061,122,2,pouch,container,1,Is it true that pouches are containers?,pouches,containers
1062,122,2,pouch,container,2,Is it true that a pouch is a container?,pouch,container
1063,122,2,pouch,container,3,Is it true that pouches are a type of container?,pouches,container
1064,122,2,pouch,container,4,Is it true that a pouch is a type of container?,pouch,container
1065,123,1,bench,seat,1,Is it true that benches are seats?,benches,seats
1066,123,1,bench,seat,2,Is it true that a bench is a seat?,bench,seat
1067,123,1,bench,seat,3,Is it true that benches are a type of seat?,benches,seat
1068,123,1,bench,seat,4,Is it true that a bench is a type of seat?,bench,seat
1069,123,2,bench,furniture,1,Is it true that benches are furniture?,benches,furniture
1070,123,2,bench,furniture,2,Is it true that a bench is furniture?,bench,furniture
1071,123,2,bench,furniture,3,Is it true that benches are a type of furniture?,benches,furniture
1072,123,2,bench,furniture,4,Is it true that a bench is a type of furniture?,bench,furniture
1073,124,1,kitten,cat,1,Is it true that kittens are cats?,kittens,cats
1074,124,1,kitten,cat,2,Is it true that a kitten is a cat?,kitten,cat
1075,124,1,kitten,cat,3,Is it true that kittens are a type of cat?,kittens,cat
1076,124,1,kitten,cat,4,Is it true that a kitten is a type of cat?,kitten,cat
1077,124,2,kitten,feline,1,Is it true that kittens are felines?,kittens,felines
1078,124,2,kitten,feline,2,Is it true that a kitten is a feline?,kitten,feline
1079,124,2,kitten,feline,3,Is it true that kittens are a type of feline?,kittens,feline
1080,124,2,kitten,feline,4,Is it true that a kitten is a type of feline?,kitten,feline
1081,124,3,kitten,mammal,1,Is it true that kittens are mammals?,kittens,mammals
1082,124,3,kitten,mammal,2,Is it true that a kitten is a mammal?,kitten,mammal
1083,124,3,kitten,mammal,3,Is it true that kittens are a type of mammal?,kittens,mammal
1084,124,3,kitten,mammal,4,Is it true that a kitten is a type of mammal?,kitten,mammal
1085,124,4,kitten,vertebrate,1,Is it true that kittens are vertebrates?,kittens,vertebrates
1086,124,4,kitten,vertebrate,2,Is it true that a kitten is a vertebrate?,kitten,vertebrate
1087,124,4,kitten,vertebrate,3,Is it true that kittens are a type of vertebrate?,kittens,vertebrate
1088,124,4,kitten,vertebrate,4,Is it true that a kitten is a type of vertebrate?,kitten,vertebrate
1089,124,5,kitten,animal,1,Is it true that kittens are animals?,kittens,animals
1090,124,5,kitten,animal,2,Is it true that a kitten is an animal?,kitten,animal
1091,124,5,kitten,animal,3,Is it true that kittens are a type of animal?,kittens,animal
1092,124,5,kitten,animal,4,Is it true that a kitten is a type of animal?,kitten,animal
1093,125,1,collar,band,1,Is it true that collars are bands?,collars,bands
1094,125,1,collar,band,2,Is it true that collars is a band?,collars,band
1095,125,1,collar,band,3,Is it true that collars are a type of band?,collars,band
1096,125,1,collar,band,4,Is it true that collars is a type of band?,collars,band
1097,125,2,collar,strip,1,Is it true that collars are strips?,collars,strips
1098,125,2,collar,strip,2,Is it true that collars is a strip?,collars,strip
1099,125,2,collar,strip,3,Is it true that collars are a type of strip?,collars,strip
1100,125,2,collar,strip,4,Is it true that collars is a type of strip?,collars,strip
1101,126,1,doll,toy,1,Is it true that dolls are toys?,dolls,toys
1102,126,1,doll,toy,2,Is it true that a doll is a toy?,doll,toy
1103,126,1,doll,toy,3,Is it true that dolls are a type of toy?,dolls,toy
1104,126,1,doll,toy,4,Is it true that a doll is a type of toy?,doll,toy
